"Valuation","Wildness","Capitalism","Science","Animals","People"
75,62,62,50,80,54
62,50,42,67,50,46
54,12,42,50,30,79
58,62,54,50,75,54
25,50,75,46,30,25
25,42,54,38,85,67
58,58,58,46,40,67
62,50,75,79,70,42
38,54,38,79,35,42
50,75,83,42,70,62
50,29,38,71,30,67
62,50,42,75,40,38
62,46,50,46,50,75
58,25,71,58,20,46
50,54,58,75,35,46
58,67,29,62,80,42
62,46,62,54,30,75
71,25,88,42,40,42
42,33,75,58,40,33
25,62,42,33,75,54
58,50,50,58,55,62
46,38,62,50,70,67
38,38,75,42,35,75
46,42,29,71,50,50
38,54,62,71,10,42
46,38,54,46,45,54
21,46,54,46,35,38
33,79,67,38,75,92
25,83,46,33,60,54
50,58,54,46,95,50
33,42,62,50,70,54
50,25,79,29,45,75
12,33,67,42,45,38
17,92,29,33,90,46
42,96,38,50,90,25
46,58,67,58,55,50
46,54,50,62,100,29
4,67,38,88,80,54
46,38,38,46,40,42
33,42,38,62,70,46
54,71,71,50,45,50
54,79,71,100,90,46
25,88,25,71,95,29
38,33,83,42,90,75
62,46,58,46,55,54
62,50,62,67,60,71
83,58,71,67,50,67
83,54,62,42,60,58
46,67,62,42,80,79
67,67,58,21,70,75
46,62,75,42,70,67
46,75,33,46,55,46
17,46,54,42,55,46
62,33,75,67,30,62
58,54,83,50,40,54
29,42,50,62,55,67
67,50,50,38,80,46
54,46,62,50,60,58
54,42,67,46,65,46
83,33,71,71,45,79
58,50,38,62,15,50
92,42,54,38,70,42
46,33,50,42,75,62
25,33,50,25,85,42
42,54,54,46,85,50
21,25,42,42,50,58
83,29,75,62,35,54
62,38,50,79,25,50
83,88,50,67,65,58
71,62,67,42,70,67
75,25,58,58,40,67
46,33,42,67,45,38
75,54,67,50,40,42
21,54,33,54,90,67
50,50,50,50,50,50
67,38,58,54,85,54
17,75,75,50,85,38
62,54,58,42,60,54
46,29,38,46,50,38
42,46,67,54,60,54
54,29,54,75,40,42
54,50,58,67,45,67
71,50,50,46,35,50
58,42,62,75,45,29
54,62,58,38,80,83
33,50,58,46,65,58
88,54,71,42,70,50
75,25,38,100,50,17
38,71,62,29,85,54
46,25,67,50,35,62
71,79,46,58,70,58
58,38,54,50,45,58
38,92,67,46,75,79
38,54,42,50,65,46
75,21,75,58,60,71
58,38,46,62,55,67
71,46,58,62,45,42
62,33,75,71,40,67
58,62,71,58,50,75
50,92,50,71,90,38
58,54,54,46,60,58
79,25,67,67,60,83
62,58,62,62,65,62
54,50,42,67,65,54
58,38,54,38,70,46
42,71,17,42,90,62
67,38,54,46,55,67
38,33,58,50,55,46
46,46,67,33,60,42
46,38,54,50,65,62
46,71,42,46,60,33
50,75,50,50,55,50
62,54,71,54,85,75
54,38,54,42,100,62
46,67,54,42,65,50
42,29,71,38,80,67
50,33,67,71,40,58
42,54,38,25,85,50
71,62,54,62,50,42
62,67,54,58,60,50
38,50,58,46,55,54
75,50,54,46,30,75
46,54,67,50,85,62
12,96,38,25,100,50
67,67,54,58,80,46
29,71,54,50,95,38
42,62,50,54,90,58
50,50,42,50,35,54
33,62,54,50,70,46
46,88,46,54,80,71
67,50,58,50,60,42
21,58,71,46,70,71
42,54,50,67,80,58
83,58,58,54,55,75
46,21,58,58,40,67
50,46,38,38,70,75
58,100,42,42,65,54
96,92,71,96,80,71
29,42,58,25,50,42
58,54,42,33,75,75
67,38,67,46,40,50
33,50,50,71,50,75
50,100,50,50,60,50
71,42,83,71,60,54
58,62,46,42,65,54
54,33,75,67,60,67
50,25,62,42,50,54
88,12,79,79,40,50
50,33,54,58,70,54
67,50,50,62,50,58
58,54,46,42,65,58
21,25,21,83,40,33
42,50,50,46,55,58
62,54,71,62,65,62
25,54,29,42,50,46
46,25,71,75,60,58
42,50,50,54,35,54
42,42,83,79,65,62
50,25,54,42,80,79
58,50,58,50,55,54
42,25,42,42,55,58
33,79,38,38,75,58
29,88,71,38,85,62
50,79,29,62,80,46
21,79,21,42,65,42
62,46,71,42,35,33
67,54,75,67,30,54
42,33,62,75,50,62
46,67,33,71,60,67
33,96,29,46,75,25
58,46,58,96,45,54
50,25,75,58,40,50
33,58,50,46,85,46
54,29,71,42,70,67
71,46,75,42,50,58
58,12,62,50,15,50
33,62,46,46,70,67
50,58,46,46,80,46
25,58,17,54,55,33
62,62,58,54,65,54
46,54,58,42,65,58
75,42,50,54,70,54
50,50,50,50,50,50
38,58,42,46,60,33
50,38,46,67,20,58
46,50,62,33,55,58
42,67,75,54,50,46
54,29,71,62,55,54
50,38,58,38,75,67
79,25,79,42,65,79
42,58,96,75,85,21
54,33,54,38,35,38
50,29,58,46,50,38
71,33,46,46,60,50
38,83,46,46,90,58
58,42,50,42,65,67
58,46,67,54,50,58
42,38,38,62,25,71
62,75,58,71,65,50
29,75,33,46,90,42
67,46,62,54,75,62
62,46,54,75,60,58
42,75,50,50,55,50
71,25,50,50,25,67
38,25,50,46,70,50
50,54,46,58,75,62
42,46,46,33,75,50
58,62,46,62,85,54
58,21,50,83,5,71
62,25,29,42,45,58
50,42,67,50,65,50
67,17,50,17,25,33
46,38,58,62,50,71
67,54,33,67,80,62
58,54,62,17,75,71
33,17,33,67,75,67
54,54,58,46,70,46
62,29,67,33,80,62
38,46,54,50,80,58
75,25,62,67,50,71
25,54,54,62,55,50
29,54,54,71,70,46
62,58,50,62,55,62
46,25,38,46,65,79
29,50,58,42,75,62
42,25,67,46,50,62
38,67,58,42,85,54
38,50,71,54,55,58
92,71,50,50,80,50
42,71,54,58,45,58
88,79,92,62,50,50
38,25,58,67,30,62
67,75,25,46,40,8
67,33,71,54,55,67
21,67,25,58,75,58
46,71,50,46,85,71
38,83,42,83,70,29
33,25,75,38,75,58
58,67,58,46,100,50
67,42,54,46,30,54
58,46,71,58,60,67
33,58,46,58,80,42
88,42,79,71,55,62
12,54,38,50,55,54
71,46,62,79,40,46
46,46,67,42,60,46
42,62,50,50,60,58
75,42,75,71,50,62
71,46,75,29,85,54
17,46,67,46,75,46
88,58,17,83,20,0
38,38,46,50,50,17
58,42,42,71,75,62
38,17,54,75,50,54
50,62,42,50,45,54
42,50,67,42,50,38
83,75,79,46,65,62
62,42,58,54,60,58
50,54,62,42,70,71
62,33,67,67,55,58
75,46,29,58,60,62
50,54,58,46,50,58
71,33,58,42,55,58
83,75,67,71,65,75
46,71,62,50,70,62
33,71,42,79,70,46
17,33,75,42,65,62
33,71,62,50,45,33
50,25,54,46,60,54
42,46,54,46,85,62
38,25,79,29,5,67
50,25,42,54,35,33
42,42,50,46,50,67
42,46,58,79,75,62
42,71,33,38,90,33
50,46,58,38,75,58
58,29,50,42,70,54
29,71,58,46,65,42
100,71,75,71,55,4
46,33,75,58,50,67
50,54,50,62,75,54
50,38,71,58,40,46
42,46,67,50,45,46
71,54,75,46,95,67
62,38,71,46,30,38
38,54,42,67,50,17
71,38,50,50,70,62
54,67,46,62,55,33
17,12,33,71,45,33
54,38,83,62,65,54
42,50,54,50,80,58
62,71,46,62,70,62
25,83,46,67,75,46
38,42,67,33,55,71
46,62,54,58,45,42
38,62,25,62,65,33
46,54,67,50,80,50
71,38,62,54,60,62
58,58,38,67,60,62
54,54,42,42,80,46
50,25,58,54,50,58
67,71,29,46,45,46
54,62,42,46,75,58
29,42,54,79,55,54
75,38,79,62,75,58
33,25,33,33,70,38
62,50,62,62,40,54
29,42,54,62,50,62
58,50,71,54,70,62
67,42,42,54,35,58
46,25,79,62,75,67
50,92,75,58,70,67
33,71,42,33,20,50
88,75,38,71,75,67
12,79,67,58,90,62
25,46,33,29,40,46
29,42,75,38,75,50
67,25,58,50,85,42
50,46,46,67,55,46
46,25,21,54,40,67
71,25,67,42,50,58
38,46,42,38,70,50
29,38,38,33,45,67
58,100,25,33,100,58
29,38,67,42,20,54
46,54,71,50,40,67
54,54,62,67,50,42
25,58,29,71,50,29
96,21,71,79,75,62
54,38,46,50,60,67
50,67,50,71,55,50
50,25,75,42,15,58
67,46,46,54,65,67
33,75,33,38,75,29
62,62,42,50,70,54
50,54,50,42,65,58
54,33,62,50,30,54
46,25,46,33,40,25
58,67,46,50,65,58
50,50,50,46,45,50
67,58,67,62,45,62
42,100,75,62,75,29
62,33,54,46,65,71
4,79,46,33,80,29
38,42,58,58,65,62
71,38,62,62,40,58
46,33,58,71,30,46
33,42,71,46,65,62
71,58,50,38,55,54
42,71,42,62,90,46
46,62,38,79,60,42
62,50,58,46,70,67
33,38,79,54,40,54
83,17,75,83,25,54
50,75,21,79,50,42
58,25,50,79,40,46
29,79,29,46,70,75
46,62,33,92,50,50
42,29,50,54,90,42
8,75,54,46,70,62
46,42,58,46,50,71
71,62,54,62,60,71
58,50,54,42,75,62
50,21,58,46,75,54
54,54,50,54,75,42
50,25,58,46,5,62
42,38,46,67,50,42
25,17,33,46,40,67
46,46,62,38,70,62
21,25,71,33,40,50
50,54,50,42,75,42
79,46,29,54,40,54
42,29,71,54,70,54
75,25,54,42,25,58
54,54,46,62,60,62
79,46,96,88,80,71
54,58,62,46,40,50
92,38,54,58,55,54
33,58,54,46,70,38
54,62,54,67,80,58
50,50,50,50,50,58
29,46,29,71,45,50
46,33,67,38,35,50
42,33,58,42,65,58
38,17,71,42,25,42
33,33,62,46,45,75
75,29,88,50,40,83
50,62,54,25,60,62
42,54,67,50,55,50
50,50,50,50,75,58
50,33,62,67,70,58
50,33,58,62,20,50
50,75,42,46,90,50
50,38,71,46,55,67
92,71,67,79,80,38
17,54,50,38,100,71
46,38,46,50,60,62
46,42,54,50,100,42
29,100,50,38,70,67
46,33,54,54,30,58
54,33,71,54,60,67
38,50,50,42,35,58
25,92,58,46,55,50
54,42,62,50,75,46
62,62,58,50,65,54
33,71,58,54,75,46
71,46,58,58,85,62
62,46,58,42,65,54
88,54,50,75,75,54
58,62,54,38,55,54
33,75,50,42,70,50
58,46,67,58,65,58
54,62,79,46,95,67
38,54,71,38,90,54
38,79,42,29,55,38
0,92,50,17,70,83
79,38,83,58,65,62
71,42,79,38,40,62
50,50,62,38,35,62
33,75,38,96,40,67
38,50,50,42,55,54
42,38,54,50,60,67
79,29,62,54,40,46
58,42,50,50,45,58
58,62,79,54,75,58
42,54,62,58,60,46
62,54,62,79,80,46
62,54,58,46,55,50
62,54,83,58,40,54
38,62,62,38,60,50
54,33,67,62,50,46
58,38,50,38,55,46
42,29,29,33,55,50
50,54,42,62,35,50
25,42,58,46,35,58
38,67,38,33,75,58
75,21,58,38,35,50
46,62,62,33,90,42
46,54,62,38,60,38
42,21,62,46,50,58
75,75,54,50,75,58
29,38,71,25,70,75
38,58,58,75,50,54
54,62,50,62,35,54
58,71,50,33,95,67
58,54,67,54,60,67
62,62,62,50,70,50
46,58,50,79,45,50
46,33,46,29,60,67
50,58,58,54,50,58
71,21,62,75,10,33
75,38,71,58,35,58
38,75,29,58,90,62
88,62,67,67,75,67
50,46,58,38,50,50
38,25,42,42,55,67
42,38,79,75,50,88
88,46,67,58,60,54
4,25,42,33,15,8
58,54,50,62,40,46
71,33,67,29,95,79
42,58,33,50,60,54
83,75,71,46,45,46
38,83,38,67,80,50
38,38,54,46,85,62
58,38,54,50,30,46
46,50,58,67,50,42
62,25,54,50,55,38
42,33,54,46,75,58
46,46,25,33,55,46
46,50,71,58,45,62
67,79,29,29,75,38
42,46,50,42,75,50
71,38,71,67,40,54
58,29,62,38,85,71
62,29,54,67,35,54
67,42,71,54,35,42
29,38,71,38,0,29
62,33,58,71,30,50
71,58,46,42,45,54
58,62,71,50,90,67
62,58,71,58,70,58
67,100,33,62,95,79
54,38,71,71,55,33
33,29,50,58,45,33
75,50,62,54,60,54
46,42,38,46,60,67
38,83,58,29,60,46
79,29,50,46,15,50
62,54,25,62,30,67
83,58,25,21,35,50
58,62,29,67,60,62
46,29,42,42,35,62
38,42,46,50,55,54
50,58,42,33,75,75
21,25,42,46,45,21
33,50,8,96,55,54
67,50,75,54,55,67
33,42,58,58,60,58
62,71,50,33,65,58
42,42,38,62,50,62
50,29,67,62,50,46
58,58,54,58,45,50
58,42,71,50,60,58
42,62,54,29,85,46
75,54,58,50,100,54
54,50,62,38,70,62
21,33,92,67,65,62
50,75,50,62,75,62
54,50,67,50,55,62
38,54,50,54,60,50
42,46,62,54,55,58
38,58,58,42,70,58
29,79,46,29,85,83
50,62,71,58,65,67
62,38,62,38,50,58
62,71,62,38,95,33
58,67,42,46,75,46
46,100,58,54,95,50
71,29,75,71,50,62
17,50,50,54,55,71
50,54,46,62,70,67
54,58,38,71,45,50
29,38,54,42,80,50
75,33,54,75,40,62
38,58,62,42,70,79
62,50,58,42,45,42
29,54,58,54,25,62
38,38,50,50,65,67
54,50,54,25,95,50
38,29,46,50,65,46
58,67,33,62,60,54
38,25,46,67,35,46
50,75,54,46,100,21
42,58,75,42,75,50
46,38,58,46,75,54
67,33,58,62,55,71
46,67,50,46,70,46
58,50,75,42,60,58
38,29,29,33,40,54
33,54,58,46,50,62
54,50,58,50,65,54
67,33,54,54,50,29
42,62,42,75,60,29
67,50,62,54,10,75
58,58,67,62,45,58
46,58,71,29,65,67
33,46,58,75,100,58
50,54,75,46,70,67
46,71,62,50,60,54
54,88,42,42,90,29
21,46,50,46,65,62
38,100,21,38,95,58
33,29,50,46,70,58
54,50,50,46,65,58
4,83,58,67,70,58
54,54,58,75,35,62
17,92,75,46,80,54
50,58,42,88,65,50
33,46,58,54,70,42
58,58,38,42,50,54
42,58,67,50,60,58
71,12,75,54,35,54
83,42,50,46,45,50
33,88,42,75,85,46
42,46,71,46,60,42
42,42,67,67,60,71
42,42,46,38,75,46
50,46,67,42,80,79
67,42,50,62,55,46
75,38,50,50,70,79
38,33,46,38,50,54
79,42,75,54,80,58
62,50,83,75,25,62
38,50,58,50,60,75
33,58,46,83,45,42
62,33,71,50,50,58
62,62,50,62,65,46
54,38,46,29,50,50
79,54,42,50,65,67
46,50,50,42,65,50
33,67,50,58,50,50
92,58,54,67,70,54
58,54,33,54,60,67
50,33,62,62,50,79
67,67,67,33,70,54
46,33,54,50,75,58
38,75,42,38,45,29
58,50,33,75,55,29
29,62,38,58,75,54
62,38,38,46,80,58
62,71,71,96,40,46
71,38,46,58,55,67
25,50,21,67,75,71
58,75,58,33,90,75
50,75,42,54,90,54
71,46,71,54,45,58
42,29,42,62,35,12
88,46,54,58,80,54
62,50,54,67,45,54
42,79,79,21,100,79
17,96,12,21,40,46
67,29,67,42,75,42
62,17,58,67,40,75
50,21,71,50,55,46
79,25,75,58,35,46
50,46,38,79,80,33
67,46,54,46,80,75
54,62,58,46,75,58
54,42,54,42,75,67
29,92,38,54,70,29
79,0,83,50,0,54
29,50,54,38,60,54
42,75,46,75,90,67
71,58,54,62,60,67
62,54,46,62,50,67
46,67,33,29,100,54
67,29,67,50,60,42
50,88,46,38,90,50
71,67,62,33,90,67
50,58,50,79,65,62
33,71,46,46,65,54
21,46,12,54,70,67
42,54,67,33,70,50
58,25,62,50,35,58
58,58,54,62,60,75
67,42,67,71,75,58
29,25,25,21,50,29
58,29,79,79,55,75
0,33,38,54,45,38
62,42,83,71,75,54
54,46,50,54,40,50
54,54,38,54,65,62
54,25,50,46,75,67
50,75,46,62,50,71
62,54,54,75,30,67
58,67,50,71,70,38
54,58,71,58,55,62
50,67,75,38,65,46
50,42,67,38,55,54
58,67,54,50,55,71
67,54,54,38,90,38
75,33,62,50,65,58
50,58,58,38,60,50
67,25,54,54,45,62
21,67,46,42,70,50
4,62,25,50,35,25
38,88,50,54,65,54
29,42,50,58,35,46
50,54,50,42,60,62
75,29,54,29,30,38
62,50,54,62,50,46
46,54,42,42,70,62
67,33,67,71,90,33
50,54,33,58,65,75
96,58,46,67,35,58
50,58,71,50,70,62
38,42,33,71,20,33
58,54,62,50,45,46
46,58,46,38,80,62
46,33,50,58,40,58
42,96,58,38,85,38
50,38,58,50,55,58
79,38,58,54,30,33
54,38,33,38,65,62
46,38,71,46,70,50
75,54,58,50,50,50
54,33,42,58,50,67
54,42,29,54,40,46
46,25,46,42,45,50
38,50,62,62,45,67
71,71,58,54,45,75
58,42,71,71,40,88
42,38,46,54,75,58
33,75,58,38,90,54
33,46,38,75,65,58
58,25,54,46,85,50
29,54,50,88,70,62
54,92,62,46,75,38
50,50,58,62,55,71
50,54,50,42,60,58
21,38,38,50,50,42
29,33,62,42,85,75
67,38,79,79,30,54
71,75,62,54,50,42
33,58,46,50,45,25
50,46,38,50,75,38
75,33,54,67,40,50
42,50,50,33,85,71
58,8,67,88,20,67
50,58,50,50,60,46
42,38,33,58,40,54
71,25,79,54,60,54
58,100,50,21,80,62
38,75,62,33,75,67
38,25,54,46,65,50
50,75,58,42,85,50
67,54,62,54,70,58
58,58,67,62,90,67
42,75,50,50,75,54
54,50,58,33,50,46
54,58,67,54,60,46
33,92,50,25,100,46
54,71,38,79,45,58
62,54,58,38,65,50
71,42,79,67,50,67
54,58,46,46,75,54
42,58,38,67,45,46
54,42,71,46,60,62
62,42,67,54,45,46
75,67,42,42,40,42
33,42,46,38,85,62
42,71,67,67,65,62
58,38,67,67,45,29
46,75,58,50,55,58
46,96,50,50,60,12
38,38,42,17,35,38
58,67,50,46,50,50
46,42,71,50,55,58
71,33,62,71,40,62
46,38,62,42,65,50
50,50,54,46,75,62
33,83,62,38,75,79
54,38,62,42,65,83
62,58,75,42,60,50
58,38,50,54,40,67
38,58,62,54,50,58
67,42,75,50,45,62
42,71,62,54,70,71
71,62,62,88,75,54
21,38,29,29,75,42
21,46,50,33,60,58
38,58,54,54,45,54
25,42,58,67,55,62
62,62,58,42,60,42
62,50,50,50,45,54
54,58,58,50,55,50
71,54,42,54,45,50
67,12,42,62,10,38
54,54,42,46,60,54
71,38,71,42,70,67
50,58,54,42,85,75
29,33,75,29,55,71
46,42,75,83,75,58
42,75,38,38,75,71
21,42,71,79,60,46
33,50,58,46,65,71
25,38,54,54,65,67
38,62,67,50,70,54
58,42,67,50,45,46
58,67,58,88,50,54
46,29,58,58,40,71
25,58,21,96,55,8
58,54,54,42,45,58
42,38,58,50,40,58
67,25,58,29,50,54
50,54,62,46,70,67
42,62,38,58,80,58
12,46,83,62,70,38
62,50,50,50,50,50
38,50,58,50,60,42
42,79,75,50,70,54
50,33,38,58,45,46
58,25,38,54,65,58
29,33,50,38,45,71
71,50,79,50,45,75
62,50,67,54,65,50
46,38,58,54,30,46
25,75,50,21,100,54
38,17,71,46,70,58
75,71,71,38,65,58
42,33,67,33,60,54
46,25,50,38,40,62
96,42,79,54,90,67
71,25,67,62,35,46
46,67,50,50,60,50
25,54,75,46,95,58
46,62,54,46,75,46
12,50,58,33,60,67
50,46,46,42,65,58
46,92,46,67,65,38
38,58,67,58,50,42
88,67,33,62,85,58
54,38,58,54,40,46
50,46,42,71,60,54
67,29,54,67,75,58
67,62,50,42,70,50
62,42,33,38,40,54
42,25,67,46,70,50
54,42,54,46,60,58
42,58,62,54,60,62
75,62,92,50,80,50
46,58,46,67,80,42
79,38,67,58,40,46
46,38,33,50,65,54
54,58,38,58,60,50
42,25,33,50,25,46
83,100,42,50,65,62
58,50,67,58,40,50
67,42,46,54,55,67
42,38,50,46,45,54
67,42,75,71,35,50
38,58,62,67,60,62
67,50,58,54,65,50
33,50,50,62,75,12
50,38,54,62,90,62
50,54,33,33,25,46
67,33,67,58,35,58
29,38,54,67,80,46
71,33,71,50,50,67
42,58,42,62,90,46
38,71,33,58,80,50
46,33,62,50,50,25
67,62,62,50,65,50
50,29,58,54,50,71
50,38,62,58,60,62
75,71,58,67,80,58
42,100,17,38,95,42
46,38,67,50,50,62
46,58,54,50,70,42
50,42,67,42,45,54
58,46,54,96,40,54
42,58,75,50,80,67
38,62,62,58,55,67
50,50,29,46,50,42
67,25,96,17,85,79
62,38,67,75,80,67
46,67,62,46,65,54
88,38,58,75,35,67
42,71,54,33,90,62
46,50,54,71,65,42
33,29,67,46,55,42
83,33,42,92,45,71
75,50,67,42,55,50
67,33,67,62,55,67
67,33,58,54,60,67
17,42,62,50,35,50
50,54,33,62,75,50
62,25,58,58,55,58
25,54,50,50,65,38
58,100,71,25,45,54
38,29,29,71,35,46
67,54,50,46,65,46
92,50,54,42,30,38
92,42,83,50,70,62
50,58,50,50,70,50
38,67,50,29,95,58
50,42,38,75,35,46
54,33,58,62,30,67
46,42,75,46,35,58
33,58,71,46,35,58
46,17,67,88,45,42
67,38,67,46,70,58
38,58,67,58,60,58
38,21,29,42,25,71
71,29,50,88,75,67
38,42,46,79,30,42
25,58,42,42,80,50
12,54,42,38,25,50
54,29,54,62,50,50
46,42,71,38,80,46
75,25,50,54,65,67
75,54,50,62,25,29
46,83,50,38,55,42
67,67,75,54,65,46
50,38,58,83,80,58
62,67,38,50,50,50
42,46,50,58,85,46
46,100,8,8,90,71
58,33,46,71,15,50
50,38,58,42,50,29
50,38,83,42,70,83
50,25,54,67,20,33
46,29,46,62,40,67
71,42,79,54,80,58
71,46,50,42,90,71
67,75,67,50,40,58
54,21,54,50,60,67
58,71,71,46,85,62
58,100,67,75,70,88
62,58,58,50,60,46
88,29,79,54,80,75
88,29,33,54,65,46
75,67,12,54,70,54
42,58,29,67,60,42
38,50,54,33,35,46
54,46,62,42,60,79
50,75,46,71,55,29
58,67,50,38,70,54
50,50,38,29,100,71
46,62,58,50,75,33
62,54,71,46,70,54
38,42,42,58,35,46
54,46,38,38,75,67
50,50,46,38,65,58
42,38,46,50,60,83
54,29,75,54,35,62
46,50,58,54,60,58
42,62,42,58,65,29
54,79,29,25,75,67
67,38,71,50,65,67
25,75,54,21,40,54
54,79,46,42,85,71
46,58,54,25,90,33
67,33,71,50,45,62
58,25,54,58,35,71
46,38,62,46,75,58
75,62,75,46,70,54
67,46,83,79,95,58
50,33,46,50,5,67
42,38,50,58,75,67
50,29,71,67,30,42
62,42,50,50,60,58
42,38,58,50,35,62
25,25,33,67,55,58
92,42,58,46,45,67
50,62,42,46,85,50
21,29,17,42,75,58
54,38,54,54,65,58
50,58,42,33,80,38
46,50,50,46,55,50
62,38,71,54,60,46
33,33,46,50,50,33
38,25,58,50,30,50
29,71,46,67,65,58
50,71,54,42,60,33
50,42,50,58,45,46
62,25,62,50,40,50
29,54,58,46,65,54
62,25,29,67,65,46
54,75,50,62,60,54
50,38,75,58,50,71
50,58,54,92,70,38
62,21,50,58,40,54
67,50,58,88,60,46
42,75,54,75,70,46
33,54,54,46,70,67
58,38,62,46,45,62
71,54,54,54,80,50
29,25,62,54,50,50
17,12,83,67,20,88
71,25,62,50,45,58
62,46,54,54,50,58
50,54,50,46,50,54
71,25,67,42,55,58
42,17,50,46,50,54
50,25,58,58,35,42
79,33,54,75,45,38
67,50,58,46,55,46
58,71,33,50,55,62
4,58,46,54,45,46
33,29,71,67,60,62
54,58,58,46,70,50
38,50,50,62,65,58
17,33,38,71,95,46
54,33,79,62,40,50
42,33,75,46,35,46
50,50,46,50,50,50
67,75,75,54,50,71
12,71,38,29,50,46
62,12,75,58,30,42
38,46,58,46,100,50
29,42,58,54,65,67
0,54,38,29,80,38
58,71,67,46,40,42
33,33,25,58,10,50
42,54,17,58,60,54
75,38,75,58,25,67
67,38,67,62,25,38
38,46,46,50,70,54
46,62,71,71,60,58
25,58,58,33,40,54
50,33,38,38,60,71
62,58,54,42,85,46
25,50,25,38,25,62
58,50,67,50,45,33
83,42,50,71,40,67
50,50,50,79,40,50
75,38,50,62,50,62
42,54,42,54,85,46
50,75,50,50,55,50
67,33,67,62,45,50
33,25,50,54,25,50
50,67,25,92,25,58
58,42,58,50,70,54
92,42,75,75,60,71
58,38,54,71,40,54
50,25,54,42,45,58
54,50,50,58,70,50
42,71,58,38,70,42
33,25,54,12,90,62
62,42,50,50,70,71
58,58,54,62,65,67
62,54,71,42,70,50
42,38,71,50,50,58
67,46,46,50,40,42
21,75,50,50,80,54
67,29,42,67,50,46
50,21,50,50,50,54
58,67,54,50,40,62
38,46,46,54,100,75
58,29,75,42,55,71
29,42,42,50,90,67
58,33,38,46,60,58
50,38,33,29,50,62
54,46,58,58,75,58
62,42,54,50,75,42
46,42,67,67,60,25
54,33,67,54,50,58
38,75,33,42,85,29
75,21,67,46,100,71
33,71,33,46,60,67
67,17,12,100,25,50
33,96,54,29,85,54
50,100,50,50,60,50
33,54,54,67,70,54
38,46,79,46,60,62
71,42,62,46,65,58
46,67,79,67,90,38
33,46,67,29,80,58
88,92,8,50,60,71
58,33,38,50,70,71
62,75,38,50,65,50
42,42,54,50,65,62
62,4,71,83,15,25
33,58,38,71,20,38
67,46,75,54,75,58
46,75,62,54,60,33
46,25,54,46,55,46
54,58,38,62,35,38
58,38,54,58,65,46
38,21,46,50,55,46
75,42,71,58,40,67
42,33,58,46,70,33
88,42,62,79,55,62
67,58,25,38,55,50
62,58,79,50,35,75
62,58,58,42,30,62
71,54,75,46,95,50
50,46,50,33,75,71
62,46,46,54,40,75
58,67,54,67,70,38
54,38,67,42,50,67
42,50,50,54,45,50
67,83,42,54,70,58
50,38,38,33,75,58
38,38,67,42,75,67
42,50,62,38,60,62
71,50,62,58,50,58
21,58,25,29,60,67
54,100,62,29,100,62
58,54,50,42,65,54
29,25,67,62,35,58
38,67,50,54,80,54
83,25,38,83,35,54
62,25,33,50,50,71
50,54,67,50,45,46
42,54,67,38,95,62
46,67,67,38,80,58
58,71,58,54,60,38
50,67,50,50,55,71
67,38,46,71,35,50
75,25,50,50,65,58
42,79,71,46,100,71
4,96,25,46,100,29
46,42,42,67,60,21
54,67,50,46,80,62
83,42,67,33,75,67
25,42,50,33,50,58
58,54,54,79,60,62
46,54,58,50,65,58
54,25,67,50,65,58
62,12,62,50,50,67
54,42,96,50,40,83
46,42,38,54,75,42
62,25,71,75,65,54
17,21,54,33,20,38
88,29,46,79,55,58
50,38,42,42,65,67
46,33,67,50,55,50
33,100,12,25,100,29
33,71,46,46,85,54
50,46,54,38,80,67
12,54,58,33,75,71
54,33,67,33,35,46
25,33,46,71,30,33
42,50,71,42,55,58
58,33,54,50,70,50
50,33,38,42,85,67
58,38,62,54,25,54
42,58,46,38,60,50
50,25,54,50,30,67
46,58,46,58,75,54
71,62,54,58,55,33
62,42,50,42,65,58
54,54,62,46,55,50
67,38,58,75,20,50
50,42,67,79,65,58
50,46,62,42,65,62
54,25,42,46,20,38
58,50,38,67,55,50
83,25,54,96,0,38
38,58,42,50,70,42
54,54,58,38,60,58
50,58,46,54,85,79
46,58,29,58,65,46
38,25,50,67,60,67
58,25,58,54,90,83
8,62,33,38,95,75
46,42,38,46,90,42
54,33,29,50,80,46
50,25,75,42,80,62
62,38,67,42,35,58
25,46,33,58,70,42
38,54,58,42,70,71
50,46,38,100,45,46
71,25,79,71,35,54
58,54,50,58,40,62
75,29,50,67,55,46
42,54,71,67,50,58
50,38,46,58,25,54
54,62,46,62,60,42
46,50,58,46,80,54
50,79,58,46,80,54
29,58,58,54,55,50
29,54,67,42,75,75
50,58,42,54,75,58
50,33,54,50,30,54
46,83,58,54,50,29
25,88,38,50,85,46
71,46,54,46,30,54
75,33,62,62,35,46
67,29,75,62,40,54
67,33,71,54,40,54
50,54,54,79,40,50
46,71,58,46,65,54
42,79,58,46,70,42
75,71,79,38,45,46
17,67,58,54,70,46
58,38,71,54,55,58
46,42,54,54,45,54
58,42,54,54,65,54
58,46,67,67,85,50
54,58,38,50,50,58
71,62,29,58,50,58
29,67,25,50,95,42
50,17,33,92,20,54
21,50,54,46,60,71
42,62,67,62,80,62
38,33,42,33,35,38
46,25,62,71,20,42
38,50,33,50,85,50
38,58,33,38,80,54
42,54,58,50,60,50
67,58,54,67,65,58
96,42,75,62,50,79
33,17,75,42,55,62
42,67,50,67,55,42
50,38,33,46,35,67
67,25,58,54,55,54
83,33,58,58,85,33
50,25,62,42,50,58
50,54,54,58,35,46
46,46,54,50,50,62
58,42,54,75,55,54
88,42,62,54,55,79
58,29,50,54,55,50
42,50,67,42,45,71
42,58,38,67,55,38
38,58,42,42,70,58
62,33,75,54,35,75
67,25,50,50,40,58
42,62,50,46,50,62
42,8,67,46,75,67
75,58,42,42,75,75
79,25,33,42,55,58
42,29,71,54,75,83
92,33,96,79,55,71
50,71,62,54,90,71
29,46,62,25,85,83
96,58,83,38,25,62
75,38,75,46,40,50
58,54,83,67,55,42
58,33,50,50,55,58
33,50,50,50,70,62
67,42,54,42,75,62
25,71,42,46,70,67
46,33,50,38,40,58
21,46,54,54,100,50
50,58,42,38,75,67
71,25,54,62,45,67
67,42,46,67,25,38
62,50,62,33,85,67
38,38,46,54,55,62
58,75,25,71,60,25
46,33,46,46,50,46
21,25,88,46,85,79
38,54,67,42,80,62
71,25,62,50,40,58
58,42,42,62,45,46
58,33,71,54,45,46
67,88,54,46,95,58
33,58,58,42,80,58
50,62,58,75,55,50
50,67,46,71,50,33
54,21,83,92,50,58
58,25,58,79,35,62
67,62,46,79,40,29
46,50,42,67,35,29
67,21,67,50,50,92
29,46,79,50,70,25
58,46,58,58,35,42
96,29,83,79,20,62
58,29,54,58,45,58
42,54,46,54,70,46
46,54,58,54,50,62
62,38,71,46,60,58
50,33,58,54,45,54
25,33,38,75,35,50
62,50,67,75,20,75
67,42,50,54,65,71
50,50,58,58,40,54
67,71,71,50,70,50
79,67,54,50,70,33
79,17,62,62,35,79
38,17,67,67,20,71
58,42,58,58,35,50
46,42,71,42,35,58
46,29,62,38,80,33
83,42,67,88,50,54
0,67,21,17,80,8
67,46,50,75,45,54
58,29,46,62,50,54
46,58,46,33,100,58
54,50,42,58,40,33
71,54,46,71,25,67
62,25,62,38,50,67
67,25,58,58,65,58
75,58,67,71,45,50
0,46,58,42,50,50
75,38,46,58,50,54
71,42,67,67,55,50
50,33,50,46,40,54
42,75,46,79,60,33
58,88,71,67,70,75
62,46,58,42,55,62
62,42,50,38,50,62
46,38,54,50,90,50
58,25,58,54,40,21
29,79,12,88,55,67
71,50,71,79,20,58
75,33,71,58,75,58
67,54,50,50,70,75
50,79,38,50,85,46
58,54,50,71,20,54
50,38,67,58,55,50
83,38,58,62,65,62
79,21,58,67,30,83
46,58,54,42,80,67
67,42,67,75,35,62
21,62,50,71,40,71
50,67,46,54,90,58
67,33,58,67,30,58
58,58,62,46,25,58
62,46,75,46,60,67
25,62,62,38,90,58
75,38,54,58,60,42
38,29,42,42,30,79
33,46,67,50,25,38
42,67,58,46,65,58
46,67,58,54,55,42
42,62,46,67,55,71
67,42,88,79,45,50
33,58,42,38,50,58
58,46,92,62,65,54
79,54,54,79,85,71
50,42,67,79,30,25
96,42,50,79,90,58
58,29,67,38,65,67
54,67,50,50,65,50
38,58,54,75,40,12
50,54,54,54,75,58
62,33,71,58,70,50
71,54,54,46,75,67
83,58,58,88,60,50
46,54,46,62,85,58
50,42,50,54,45,62
54,71,50,54,80,58
29,25,67,54,45,21
38,62,38,38,80,67
58,21,75,42,25,42
46,33,67,46,55,46
33,33,50,67,40,33
54,38,50,58,10,42
54,62,67,100,90,50
58,54,62,92,30,67
50,50,54,46,65,50
58,46,58,58,45,54
54,42,33,71,60,54
58,58,42,54,45,58
38,58,58,42,70,58
29,75,58,42,60,54
42,33,75,54,95,83
58,33,67,42,70,58
25,62,29,50,65,38
50,25,29,67,50,67
83,50,50,79,55,42
46,58,58,54,55,46
46,38,46,58,80,62
46,38,75,58,50,46
54,38,54,38,70,50
62,62,71,46,65,58
38,100,38,50,90,50
83,42,62,50,65,46
42,29,62,54,75,46
96,42,79,75,50,58
50,29,75,33,75,62
58,75,54,62,80,29
38,38,58,33,75,58
50,62,67,50,70,67
33,29,67,50,25,58
50,46,46,54,50,33
50,50,50,54,60,54
71,62,75,54,50,54
42,25,75,75,65,42
46,75,38,25,80,50
58,54,62,50,45,54
29,54,50,42,70,67
58,75,38,50,70,46
54,50,46,42,60,33
71,25,67,58,65,83
79,38,67,54,40,62
75,38,50,42,55,79
67,25,62,54,30,46
58,25,50,42,90,67
33,58,25,38,50,50
54,33,67,71,70,58
42,58,46,71,60,54
46,42,50,50,35,29
54,33,71,58,50,33
71,62,33,62,35,58
42,38,58,42,65,75
21,71,58,58,30,50
46,62,67,38,60,33
62,54,50,75,45,42
46,50,58,62,50,50
42,46,54,46,45,38
58,50,25,58,20,58
33,50,67,42,80,67
38,58,25,50,50,58
46,71,50,42,75,62
67,42,67,58,75,54
79,25,50,88,50,71
12,42,67,50,100,62
54,54,33,75,75,83
54,42,79,75,65,71
50,33,62,62,25,42
42,58,71,54,80,75
62,33,54,46,40,50
67,54,62,88,25,50
46,88,46,46,90,46
25,100,33,21,70,21
54,54,67,46,65,71
33,42,67,54,85,58
71,8,75,58,40,50
50,58,71,71,40,62
46,42,58,33,50,75
38,50,67,46,60,71
67,38,42,67,45,71
67,33,38,50,55,50
21,75,50,75,65,33
75,67,71,83,100,62
46,25,58,38,80,62
71,50,75,42,55,54
50,75,58,58,70,29
46,42,62,46,55,54
75,42,62,71,50,54
38,50,50,38,60,50
58,54,38,46,75,46
58,71,62,46,60,58
29,67,58,46,75,58
50,33,25,79,30,54
46,54,67,42,85,62
54,50,67,58,65,54
62,38,79,54,35,54
67,58,75,75,55,58
67,33,75,67,50,54
88,33,62,38,75,58
42,83,75,54,80,58
62,58,62,33,65,71
29,75,62,46,70,58
62,100,50,50,85,62
46,29,58,83,45,58
46,17,62,46,45,54
42,25,50,50,85,71
42,58,58,54,75,42
54,38,62,42,55,62
33,25,21,33,100,12
46,71,50,42,95,21
50,54,62,54,70,46
42,46,38,83,60,50
50,58,71,75,65,58
67,54,75,71,40,50
42,54,25,67,50,62
62,54,62,54,70,62
29,58,71,25,30,67
71,29,58,67,60,50
54,58,67,50,70,62
46,58,58,46,45,50
75,33,50,54,65,50
50,33,46,62,50,42
58,58,67,42,75,62
58,58,50,38,50,54
79,58,67,75,35,54
71,25,71,75,30,38
33,25,42,54,50,67
50,50,50,50,50,50
8,96,8,21,90,79
50,46,58,50,30,33
71,38,50,50,90,58
21,42,42,50,90,67
54,25,67,58,65,67
54,71,67,42,80,42
25,42,75,46,45,58
75,29,33,58,45,38
46,67,54,38,60,46
79,58,67,71,60,29
42,67,46,50,80,58
33,0,62,42,50,58
12,46,33,25,55,50
21,50,21,25,60,75
46,46,67,38,55,50
33,50,58,54,75,75
50,25,54,46,65,67
33,67,33,42,85,62
33,62,54,42,50,54
0,25,33,62,95,75
50,50,42,54,90,58
62,50,50,50,60,58
50,88,50,50,80,46
25,33,71,50,55,50
17,54,50,58,45,58
67,42,62,62,65,50
46,67,54,54,80,42
21,38,38,62,40,54
42,46,58,54,65,58
54,54,38,58,65,50
54,38,54,50,50,33
50,33,71,38,45,58
42,58,67,21,70,67
71,75,54,62,90,75
17,71,46,46,90,54
50,83,42,29,100,38
46,58,21,42,95,67
58,38,62,42,65,46
54,67,25,71,30,79
62,42,67,50,25,62
58,8,79,46,25,75
58,38,25,58,60,46
67,46,54,50,35,54
58,62,71,67,35,62
75,42,50,79,75,67
71,58,50,75,55,83
67,33,38,75,50,54
83,25,50,50,55,58
21,54,29,58,75,62
54,67,54,33,55,54
33,71,25,46,75,54
67,38,67,46,90,29
33,62,38,54,55,50
54,46,54,50,50,71
50,54,54,50,50,62
38,83,42,62,55,50
46,54,42,58,70,54
71,58,58,46,75,50
88,4,50,58,40,54
62,29,58,79,55,58
75,46,58,46,75,50
38,29,46,71,30,33
21,75,50,29,85,46
33,25,54,54,60,54
54,42,62,50,80,62
46,62,54,58,85,42
58,50,54,50,75,54
0,100,38,21,100,42
62,46,33,58,70,62
58,25,62,54,50,50
54,58,58,71,40,46
62,62,50,58,50,38
67,29,54,42,55,42
50,100,50,50,60,50
79,33,67,58,70,67
71,25,67,62,65,67
33,42,58,54,75,62
54,46,58,54,85,50
42,33,67,67,35,50
71,33,67,50,90,75
38,29,58,46,45,62
96,38,54,71,45,58
71,33,58,62,35,50
54,38,58,46,80,62
62,29,67,38,55,58
58,62,50,46,50,58
50,33,58,50,60,62
54,50,62,75,30,50
54,38,88,67,40,54
42,54,50,50,50,50
79,42,58,50,40,62
42,50,42,50,65,54
71,33,75,62,75,79
75,58,62,67,45,54
71,46,67,58,55,67
79,58,71,67,50,54
62,42,75,54,70,83
38,50,50,50,55,50
92,42,46,83,85,58
54,33,62,67,45,38
50,50,62,71,25,62
33,42,54,21,35,50
54,25,79,62,55,67
50,50,71,46,65,50
46,33,71,67,60,38
38,33,96,75,40,38
71,29,75,58,50,83
29,25,79,58,35,58
67,46,67,50,55,67
46,83,38,38,90,67
25,58,38,42,90,46
42,50,42,50,50,38
58,46,58,46,35,62
46,42,62,46,60,62
54,62,58,42,60,58
54,42,62,54,65,79
67,33,75,54,45,67
67,42,50,75,65,50
54,62,42,67,10,54
46,46,46,71,40,38
42,50,58,54,35,54
67,71,67,46,65,46
67,33,71,38,45,50
25,25,38,58,40,62
46,71,67,33,65,42
42,46,71,50,60,62
67,42,38,50,85,67
71,46,67,58,30,67
46,29,42,75,45,62
38,42,42,38,100,58
42,50,54,71,40,54
62,50,58,62,55,42
29,0,42,71,10,50
96,38,75,33,45,62
62,33,67,50,50,79
54,50,54,71,65,54
58,54,54,75,60,67
79,50,67,54,50,50
50,38,62,62,45,54
42,38,62,33,60,71
42,29,67,42,50,50
50,42,58,50,75,58
54,38,50,42,85,62
46,50,54,33,80,58
62,58,58,50,70,62
50,25,46,46,50,62
75,33,67,50,35,50
54,50,58,54,45,50
58,42,46,54,75,75
33,58,67,50,85,75
50,50,46,54,50,54
50,25,58,46,60,54
25,75,46,50,10,25
62,42,58,62,70,67
71,25,75,42,10,46
54,33,62,33,55,54
100,75,38,42,35,62
54,42,62,25,25,62
17,62,38,38,65,54
38,46,58,62,55,38
21,42,62,62,30,54
62,38,50,67,35,58
38,50,38,54,85,62
58,21,62,54,25,42
58,33,54,75,30,54
46,33,67,67,45,58
54,50,67,58,70,46
62,33,50,54,65,50
50,42,42,71,55,58
46,46,62,42,80,42
21,50,54,46,45,42
42,62,46,46,100,67
50,50,50,50,70,54
62,38,46,58,35,25
54,58,58,54,55,54
50,42,62,67,40,42
71,46,62,46,45,62
88,25,54,33,55,67
58,62,54,54,35,58
50,62,71,58,40,38
79,29,75,67,25,71
58,42,58,46,40,62
50,42,50,46,65,67
83,29,75,58,60,46
54,29,62,38,50,46
92,62,75,62,35,62
46,50,46,58,50,38
58,58,67,46,60,62
75,33,58,54,35,58
25,83,54,29,95,58
42,42,67,62,35,33
50,33,75,38,55,62
42,67,67,46,45,67
67,58,33,67,35,33
58,25,58,75,35,54
62,42,54,46,65,71
54,83,42,38,60,25
54,46,46,58,55,38
50,46,54,50,70,71
4,71,25,71,80,33
54,38,58,42,45,46
62,33,58,50,25,58
67,29,79,71,20,58
8,46,17,54,30,54
54,46,29,46,95,71
25,62,0,75,65,29
58,50,67,38,70,67
75,62,54,42,40,62
58,25,50,50,30,62
46,29,62,54,80,62
54,58,75,54,85,71
33,58,67,29,80,62
58,46,62,50,65,29
50,58,58,42,65,62
38,71,71,58,50,50
54,54,67,21,90,50
42,50,25,50,80,62
46,50,62,46,75,42
58,50,42,75,40,62
50,38,54,54,70,46
83,17,54,62,60,50
42,50,54,54,80,58
42,38,50,38,70,33
46,33,50,54,60,54
58,29,67,50,55,67
54,25,88,54,60,46
54,38,50,58,95,58
21,100,33,62,75,38
38,33,54,29,75,67
50,38,50,42,40,46
46,62,58,54,70,33
33,33,75,38,45,50
50,50,62,50,55,62
46,50,50,42,55,54
62,42,54,50,50,50
71,46,67,62,40,38
38,54,25,79,90,50
42,38,46,46,60,50
38,54,54,46,70,62
38,25,38,67,45,67
62,38,62,54,75,21
50,33,54,42,75,58
75,33,17,54,95,83
54,29,71,33,55,54
96,79,50,46,70,79
67,58,71,50,60,75
62,42,58,25,75,67
46,58,50,58,40,54
54,25,54,38,55,71
42,62,46,46,80,50
83,71,71,62,50,29
38,62,42,38,100,50
58,71,62,67,50,46
50,46,71,58,55,62
54,71,46,38,65,58
67,42,58,42,40,29
8,46,46,46,95,62
83,38,75,46,10,67
50,50,46,46,60,50
54,38,42,38,25,54
58,46,38,58,35,46
50,50,38,62,50,42
50,25,38,42,45,67
62,50,58,58,50,67
50,46,50,50,60,54
33,50,29,58,50,50
33,100,29,29,85,54
58,71,25,67,95,46
33,54,50,54,45,67
58,25,46,71,35,46
62,50,58,42,60,54
46,29,58,38,35,67
50,58,58,58,40,42
54,92,38,29,85,42
50,42,38,54,70,67
42,58,29,92,35,50
46,67,54,46,60,58
42,62,62,46,95,42
67,46,58,54,80,62
58,46,58,67,40,62
46,67,46,54,60,58
58,62,67,42,75,58
54,54,50,54,50,54
38,79,46,21,100,71
42,29,62,54,85,50
67,38,50,71,25,46
33,62,33,38,85,25
62,38,42,54,55,54
46,42,67,67,65,50
58,58,79,38,70,62
71,33,75,50,55,58
67,54,67,54,70,42
50,46,71,46,65,67
42,42,54,54,70,58
71,58,71,54,65,58
67,58,71,54,55,71
21,50,46,42,85,58
71,29,67,58,65,58
50,50,46,46,60,50
38,25,58,50,65,75
67,38,67,50,50,58
71,50,54,67,75,71
67,54,62,62,40,46
50,67,54,54,25,62
71,29,62,42,90,50
50,42,50,67,70,58
46,67,67,42,75,25
33,79,54,33,90,62
54,42,50,50,40,58
67,54,46,33,75,50
71,33,54,54,55,67
38,50,42,54,70,67
38,71,50,46,45,62
58,50,58,58,70,54
50,46,79,79,90,67
50,38,75,58,40,58
42,42,38,58,70,29
71,62,62,67,55,62
50,38,50,62,55,50
38,75,50,46,80,50
42,42,33,58,65,42
62,38,62,50,50,62
71,29,67,58,45,62
54,42,67,58,60,62
33,58,54,46,80,42
42,42,54,71,35,33
83,42,62,46,60,71
46,25,67,46,50,62
38,21,62,46,70,46
50,50,50,50,50,50
50,50,50,50,55,50
71,58,62,67,15,42
50,38,46,38,70,38
8,29,58,50,85,46
54,50,58,42,70,67
54,38,67,42,75,58
75,29,58,42,50,54
58,92,50,29,90,46
42,33,58,50,75,58
67,42,96,62,65,67
62,25,67,29,75,67
58,33,50,50,65,54
38,54,38,42,65,62
79,33,67,58,85,58
29,33,54,58,85,75
62,54,46,67,55,67
79,33,54,88,10,46
62,46,33,54,55,54
50,25,62,58,45,58
46,83,54,42,85,62
58,67,42,46,90,42
58,38,71,71,35,67
62,46,67,42,60,71
62,42,54,50,70,46
46,62,50,46,80,50
71,29,58,62,45,58
50,75,50,42,60,54
62,83,50,54,70,46
71,42,67,46,90,62
71,67,62,50,90,62
42,54,50,50,50,50
58,58,54,46,55,62
58,25,46,46,40,50
67,67,42,54,80,62
75,71,54,54,90,62
46,62,54,54,85,79
46,38,67,67,65,71
71,38,67,67,20,42
46,38,58,42,50,42
62,42,50,54,30,50
46,33,62,46,80,46
46,71,46,54,80,54
67,42,62,62,30,62
50,25,62,67,35,58
54,50,50,67,40,46
50,54,54,71,45,50
58,21,67,54,85,92
38,21,54,12,60,62
75,33,62,29,70,79
67,42,58,42,65,50
0,33,83,50,40,42
46,33,46,62,45,62
46,58,54,50,50,54
33,46,38,50,80,67
58,79,62,50,90,75
62,46,62,67,45,58
42,8,62,54,95,88
54,46,42,50,55,58
33,38,67,62,40,79
62,38,71,54,75,54
67,79,38,33,70,67
46,0,71,42,30,54
62,25,54,46,65,71
92,58,54,50,55,67
62,75,38,58,90,38
33,67,42,38,90,50
42,54,42,42,100,62
38,38,46,58,70,58
58,58,58,54,50,42
67,42,62,33,85,88
62,42,71,58,35,71
67,38,75,71,45,46
71,58,58,46,30,46
54,33,71,62,65,79
54,42,50,58,65,54
58,38,42,50,30,54
50,58,50,42,85,62
46,46,50,38,60,58
42,33,62,62,70,54
33,54,38,50,85,62
38,50,54,62,35,58
46,58,62,54,85,62
58,46,67,42,50,46
67,42,46,58,35,62
46,42,58,46,50,71
54,46,29,29,60,71
79,42,54,75,50,46
33,62,29,46,90,50
67,8,71,46,30,38
33,50,71,71,30,33
71,50,50,58,95,46
42,46,46,62,60,58
83,25,79,67,30,58
38,62,58,50,80,42
46,38,46,50,65,79
46,71,50,50,70,46
58,58,58,54,50,54
46,50,46,50,100,62
54,33,54,54,15,83
46,71,54,71,20,46
46,21,38,54,35,50
38,96,83,25,80,71
50,33,79,50,70,42
46,42,62,42,50,75
17,83,50,29,65,42
38,50,38,67,40,38
50,50,62,58,35,54
75,58,62,54,35,58
71,42,79,54,70,58
29,50,42,71,40,58
25,33,75,42,60,50
67,38,67,42,75,62
58,42,67,71,15,46
42,62,58,71,30,46
42,25,46,50,70,75
46,92,58,75,80,42
50,75,62,46,65,38
46,62,38,54,85,46
21,58,42,62,75,29
54,67,46,58,80,42
58,50,62,38,40,62
50,42,46,79,55,62
67,75,50,50,90,46
67,42,62,71,55,50
42,50,38,21,45,33
46,50,50,42,65,62
50,25,50,50,50,50
67,54,75,46,75,67
58,58,38,42,50,50
25,46,50,50,70,62
75,46,54,54,45,62
75,54,54,42,50,54
50,62,46,54,45,50
25,42,29,54,75,62
58,29,71,58,35,38
75,29,71,71,65,67
71,58,54,71,55,62
42,50,42,46,75,50
42,50,46,29,75,62
67,50,54,46,60,50
50,58,62,67,35,54
54,67,50,62,75,50
46,71,42,25,70,46
58,46,58,50,55,67
38,79,46,38,80,33
75,25,75,62,45,71
54,38,62,50,45,46
58,58,67,46,70,62
67,42,50,54,70,62
46,54,50,38,60,58
58,50,42,54,50,50
50,54,46,58,75,50
75,38,71,75,40,38
42,33,46,46,55,58
83,62,62,83,35,67
58,67,71,62,60,62
58,33,54,50,65,62
79,38,54,67,60,67
58,62,46,100,50,54
38,58,42,62,80,46
46,33,42,54,50,58
58,12,38,83,35,54
38,50,42,21,60,67
62,33,100,67,65,75
58,25,62,42,70,62
42,29,67,58,65,46
75,29,46,50,45,71
25,67,50,25,80,46
46,50,58,42,75,58
29,58,17,54,55,50
38,38,42,42,60,54
58,29,50,33,60,33
42,62,46,42,90,58
17,92,33,17,100,50
62,71,50,54,60,62
42,71,50,46,90,21
62,46,62,42,60,62
46,62,38,71,85,54
54,42,67,42,60,67
42,62,67,46,80,67
67,25,50,50,45,58
54,54,42,58,80,62
75,4,62,67,25,58
38,54,75,29,80,50
33,46,50,54,65,58
12,79,62,67,80,46
50,38,50,58,45,71
42,54,62,33,55,67
38,42,54,54,65,54
29,46,58,38,65,75
71,67,71,75,45,54
50,92,38,54,80,50
79,25,62,50,55,75
33,42,42,58,90,58
58,29,67,50,35,50
62,50,75,50,30,58
33,33,46,50,65,58
54,25,71,50,65,58
54,50,42,75,55,54
67,50,33,50,60,50
33,42,33,46,75,54
50,25,62,54,25,58
88,33,67,50,25,67
50,29,67,62,70,46
50,50,50,50,50,50
88,38,50,67,70,67
42,50,42,33,55,50
67,50,58,33,80,50
54,46,67,46,90,58
67,50,38,58,50,71
50,12,71,71,75,38
75,29,79,62,0,58
71,33,58,38,70,79
17,54,71,50,55,38
58,42,75,54,50,58
33,33,62,46,85,75
42,42,42,62,50,62
50,71,54,46,70,54
75,50,54,75,45,50
54,29,42,46,75,58
50,54,71,50,45,62
46,58,50,54,65,58
54,50,67,58,45,62
33,46,71,33,65,50
54,50,54,79,35,58
75,50,50,58,55,75
46,71,83,96,30,29
42,54,67,54,55,67
62,46,54,58,50,67
67,58,67,58,65,71
50,67,42,46,80,33
71,50,58,58,70,67
25,54,46,71,65,67
50,33,50,42,35,58
42,50,71,42,95,75
62,25,58,54,50,71
67,67,62,71,50,58
21,75,25,46,85,0
46,46,62,38,50,62
29,58,58,46,60,62
46,50,58,62,35,58
62,67,67,46,70,83
42,62,54,46,65,46
21,25,79,54,60,54
46,46,50,62,50,62
50,50,54,62,35,62
42,33,71,46,85,54
46,38,71,71,35,62
58,58,58,75,55,46
67,38,50,54,35,50
58,62,62,50,70,83
79,25,88,46,60,79
42,29,83,79,30,58
38,46,50,58,65,54
50,38,71,62,45,46
46,88,58,50,70,42
33,58,33,71,65,29
42,71,33,38,100,75
46,50,71,46,55,58
54,54,67,54,65,67
38,25,62,50,55,62
67,17,62,67,15,33
46,33,50,54,70,54
42,71,50,54,80,46
50,54,54,46,55,46
42,58,46,58,50,50
46,46,50,38,95,50
38,54,54,62,80,71
62,29,62,67,50,54
42,58,50,58,50,46
46,83,42,54,90,42
67,46,50,42,35,46
62,67,62,58,80,21
58,42,33,58,40,54
42,67,54,50,70,58
38,46,17,75,70,46
25,50,54,42,50,38
50,50,50,33,65,50
46,100,54,29,85,42
88,54,67,50,35,42
33,62,42,50,55,50
50,42,58,42,65,54
71,71,67,50,85,50
83,42,79,50,70,71
58,25,25,71,55,58
21,58,50,58,60,50
46,29,50,62,10,46
29,38,58,50,60,58
46,62,58,38,80,42
67,54,46,62,40,21
83,50,71,50,70,75
71,33,71,38,50,46
92,54,21,54,35,58
50,38,58,62,65,67
79,38,71,71,40,33
29,38,62,46,30,42
71,33,54,46,5,50
29,46,50,42,50,33
50,42,58,46,45,17
62,25,46,62,40,50
67,54,67,38,65,75
58,33,58,42,90,54
62,38,83,62,30,50
46,46,58,67,65,50
67,46,50,50,50,58
46,50,38,62,85,50
8,75,46,54,65,29
62,46,58,46,60,58
42,46,54,67,45,42
42,50,58,58,50,50
71,42,38,21,75,46
46,38,58,67,60,67
67,33,71,33,75,62
67,42,75,42,40,46
62,33,62,58,40,62
67,46,42,50,85,50
62,38,54,50,65,62
75,29,38,62,50,46
58,42,54,58,55,58
25,46,50,46,40,58
50,4,33,75,15,62
58,58,50,50,50,54
58,17,67,58,20,46
79,25,58,54,35,62
46,25,50,33,50,54
71,58,75,88,60,46
58,29,79,58,50,42
50,25,62,46,70,58
62,4,75,75,50,12
62,54,58,79,55,67
50,62,54,67,80,58
33,75,54,67,50,42
62,67,58,75,30,58
71,50,54,92,25,42
54,33,75,46,40,67
50,100,54,33,75,42
29,42,58,42,60,46
42,50,38,38,65,62
38,46,29,58,30,46
62,33,54,50,65,58
83,42,58,50,55,71
54,71,67,46,60,54
25,33,62,42,40,50
67,46,67,58,60,42
83,54,54,79,45,54
71,38,75,58,70,58
88,33,50,62,20,46
75,50,58,50,25,54
62,33,67,62,35,54
75,25,75,67,70,50
58,62,50,38,95,58
62,33,50,50,35,54
67,46,67,46,45,38
46,42,54,54,80,58
62,58,58,83,50,33
0,58,0,83,75,58
50,42,54,67,65,67
100,33,83,100,40,67
96,54,58,17,95,21
25,33,50,42,80,50
42,71,54,50,75,25
33,38,62,38,45,58
58,100,46,33,100,42
50,42,46,54,70,46
71,25,67,62,20,50
50,54,62,42,60,58
58,46,58,71,80,54
38,50,46,58,45,50
88,29,62,46,35,71
75,54,62,92,10,25
71,54,62,42,45,71
42,54,71,42,65,54
71,50,71,62,70,58
0,75,0,21,100,88
58,33,58,62,30,38
50,83,33,50,100,67
50,71,58,50,55,46
58,75,54,42,70,42
38,42,50,38,60,54
42,29,50,42,70,58
42,58,67,58,70,54
88,38,62,50,60,50
25,50,54,46,75,71
54,88,79,50,90,54
38,88,33,62,55,75
75,50,75,54,45,62
33,62,29,83,50,62
54,100,50,42,80,88
67,54,54,62,75,67
83,58,46,38,60,46
67,25,75,88,40,62
58,71,46,38,70,75
96,67,12,42,100,79
42,46,38,33,40,62
92,38,29,67,75,50
71,33,62,33,60,54
75,67,42,75,25,58
62,46,67,62,75,75
54,50,46,67,70,50
46,42,50,42,40,54
50,54,58,50,60,62
21,29,46,54,60,62
46,38,71,38,70,71
46,71,42,62,70,50
29,96,38,62,65,62
67,25,58,42,20,58
75,46,58,38,95,62
50,25,54,58,35,50
62,42,50,83,30,42
42,67,62,42,95,62
62,25,54,62,50,54
42,46,46,38,90,67
79,46,62,50,55,58
62,75,38,46,90,58
79,0,58,83,30,33
50,62,67,67,80,58
54,33,46,42,55,58
50,58,54,50,50,42
67,50,75,71,55,42
88,29,62,42,70,83
75,54,79,54,25,50
50,62,62,58,65,62
50,33,54,42,70,58
79,46,71,75,20,12
58,33,54,42,80,71
58,33,54,42,45,50
46,92,42,42,60,67
29,58,42,46,40,33
50,29,62,62,45,46
33,25,67,42,35,58
21,58,54,58,75,46
67,38,67,79,60,62
62,54,50,67,45,62
54,50,54,50,65,62
29,62,46,58,70,50
67,54,67,54,50,50
46,71,88,50,50,42
62,54,58,67,40,46
42,25,54,50,65,58
50,17,54,17,30,58
42,62,62,46,75,67
71,100,29,38,70,25
38,42,46,50,30,46
88,50,71,46,30,71
75,38,62,100,60,42
88,8,88,67,50,67
46,46,50,54,60,50
38,29,67,58,35,75
46,25,71,46,45,42
71,29,75,33,50,71
83,25,79,75,50,54
25,58,25,38,50,29
33,75,58,58,80,46
54,62,71,38,80,33
46,92,67,50,30,29
54,58,54,46,65,50
46,71,29,62,75,54
54,29,54,42,50,50
62,33,62,58,60,58
67,79,75,75,55,38
42,42,50,46,55,54
67,54,58,54,60,58
29,75,62,58,55,50
54,58,38,54,45,75
58,42,38,67,60,62
58,25,54,58,35,67
29,38,58,54,70,62
75,46,54,46,55,38
71,33,75,54,60,71
46,79,50,50,45,50
46,58,46,42,50,50
92,54,67,54,50,75
58,54,58,46,60,67
67,54,46,46,65,50
33,33,54,42,60,50
46,29,46,46,100,54
62,33,58,54,60,62
50,54,29,54,60,62
33,29,71,62,55,54
58,71,58,50,80,54
38,38,62,58,70,75
75,50,54,50,45,58
54,79,54,58,75,75
67,50,71,54,45,58
54,83,54,33,70,67
67,50,38,54,70,54
67,54,50,54,75,58
42,38,62,58,65,58
58,33,58,58,60,42
54,46,67,46,45,54
71,25,67,71,25,58
75,54,75,67,55,50
46,42,46,54,45,50
29,46,58,42,55,71
38,38,54,54,45,54
75,54,58,71,60,62
25,58,42,42,85,33
58,100,25,12,90,33
38,50,58,46,100,42
54,25,54,58,40,50
67,33,71,42,60,58
62,46,46,46,50,54
75,29,54,38,40,67
54,54,79,54,60,67
58,58,71,38,55,62
67,50,50,62,45,58
46,54,50,42,55,54
42,100,38,67,60,58
71,33,75,71,40,54
62,58,71,50,40,67
42,54,46,42,55,54
46,46,75,100,80,67
54,29,50,50,65,42
58,33,58,62,50,54
71,46,54,54,90,67
67,38,54,79,50,71
21,54,42,42,70,58
62,54,71,42,45,42
50,58,50,50,90,58
42,29,88,33,85,38
29,38,42,38,50,50
67,46,62,38,60,58
42,46,33,50,35,46
50,71,46,38,80,46
46,42,58,46,75,54
46,67,62,54,65,67
42,67,42,71,60,50
46,58,54,42,80,54
67,54,58,62,55,46
62,46,46,38,90,54
46,29,38,50,75,46
33,58,50,79,70,62
33,83,67,33,70,62
54,62,54,50,50,46
33,33,75,54,95,29
54,88,50,67,35,75
42,50,46,50,50,29
50,54,46,46,70,46
54,25,54,50,50,58
33,33,46,38,55,58
50,38,54,54,30,71
62,33,54,42,65,62
58,83,50,38,95,58
75,17,38,38,25,58
67,29,62,58,30,58
75,50,67,50,45,54
42,42,29,50,55,62
29,38,67,62,65,67
62,50,58,33,70,50
54,50,54,58,65,58
58,12,54,50,35,62
62,42,67,29,35,71
71,46,54,33,40,38
71,50,62,62,55,71
38,50,67,42,65,54
58,88,46,42,80,71
50,46,58,50,40,46
25,79,46,38,60,67
21,50,33,50,55,79
38,67,29,58,75,58
67,71,42,71,25,46
29,50,62,75,75,62
67,88,50,96,95,83
67,38,92,54,40,58
58,58,58,46,80,33
67,42,62,46,50,83
38,38,50,50,55,50
46,50,67,46,55,54
46,71,50,42,85,54
75,46,29,83,85,75
17,62,25,50,50,71
62,38,62,46,40,58
54,33,58,42,65,54
62,42,67,46,45,62
46,21,29,29,15,83
50,50,46,58,70,54
58,38,67,67,65,67
62,50,58,67,65,33
50,29,58,54,15,62
58,54,58,58,60,42
42,67,58,38,65,58
71,29,75,46,65,62
75,50,62,67,55,58
38,58,38,54,60,67
46,12,54,75,10,29
38,58,50,58,50,17
33,8,50,67,25,50
46,50,58,50,80,62
46,25,62,50,40,58
50,25,58,42,65,58
58,42,62,54,25,54
42,21,88,92,60,58
83,71,58,46,40,46
42,54,62,46,70,54
58,58,62,29,65,62
29,12,50,42,30,38
50,29,75,54,60,58
54,29,58,42,50,62
62,46,33,75,60,54
42,62,33,46,60,42
38,75,29,42,60,58
54,42,46,42,75,54
46,75,58,54,75,67
46,25,67,83,10,33
75,38,62,46,55,62
58,67,46,42,65,46
42,38,42,83,65,75
58,50,62,33,70,75
58,50,50,67,70,71
79,29,54,50,80,62
54,29,42,75,35,79
67,67,50,38,65,58
62,58,50,38,100,62
50,25,50,42,50,58
25,67,29,62,45,62
54,54,54,42,65,50
46,42,46,38,65,62
54,71,54,83,45,71
42,58,42,42,70,50
75,79,29,38,35,46
62,58,62,67,55,50
33,25,54,46,50,75
54,50,58,58,45,33
58,92,29,83,50,54
50,42,50,50,30,62
46,58,38,67,70,62
46,46,50,62,55,58
58,21,46,46,75,67
33,38,58,42,45,67
46,58,38,46,40,79
50,46,58,50,65,50
29,38,46,42,95,54
58,42,58,38,70,71
62,29,62,42,45,83
62,71,46,62,60,38
58,58,38,58,50,42
42,67,62,50,80,62
46,50,46,50,50,67
83,38,75,46,60,62
42,62,67,71,45,62
58,25,58,42,55,54
75,50,58,46,60,71
38,29,29,54,80,38
54,71,38,42,80,67
46,46,42,58,60,46
75,46,62,50,65,75
50,71,50,54,65,62
42,29,33,50,50,42
38,67,71,58,70,58
50,42,58,46,20,38
46,38,62,29,90,62
42,33,54,50,65,62
58,54,50,67,45,54
71,38,46,42,75,58
50,92,46,50,100,46
46,38,29,62,40,50
62,33,54,54,65,75
50,46,54,54,50,58
25,21,58,38,50,50
33,54,62,62,55,42
67,46,67,46,60,42
25,29,25,62,25,67
46,62,79,58,20,67
46,33,58,33,65,71
42,58,67,62,40,54
67,38,50,58,30,58
50,50,50,54,75,67
58,50,42,54,45,75
79,54,75,54,50,54
50,58,42,71,55,38
50,33,54,50,90,71
50,62,62,46,90,33
58,46,58,71,35,67
46,42,54,46,60,38
46,33,67,58,75,58
50,46,42,54,65,54
29,42,58,50,50,50
71,33,75,54,65,46
62,54,62,50,80,54
79,17,75,62,30,50
58,21,71,54,10,54
38,38,38,62,30,46
50,62,54,54,65,54
46,46,58,50,65,75
38,58,50,38,55,62
62,33,67,62,50,67
42,58,42,88,25,46
62,62,50,50,80,62
29,46,71,46,55,58
46,21,54,54,45,75
42,42,71,46,45,58
75,46,54,54,90,62
33,46,58,50,75,67
50,42,58,50,100,83
8,50,17,50,80,67
83,46,46,54,55,29
50,38,67,62,40,62
38,58,54,58,35,46
33,58,33,62,30,50
17,54,33,62,65,17
54,54,54,42,55,54
46,46,50,42,55,50
54,46,46,54,55,58
29,62,54,67,25,50
67,25,62,58,65,62
67,46,38,67,45,46
71,33,42,54,35,50
75,21,58,62,50,54
46,50,58,50,55,46
83,67,62,54,70,50
62,42,62,50,60,50
46,38,46,67,20,58
67,29,62,54,45,58
42,50,50,42,65,58
67,58,42,50,70,67
42,67,42,46,85,46
62,46,67,50,65,62
54,33,71,46,70,62
58,62,67,42,70,58
50,50,67,62,60,62
17,50,42,96,10,50
46,46,33,46,45,58
38,42,50,54,85,62
71,29,75,67,50,71
25,54,50,38,85,67
38,46,54,58,35,42
50,46,79,58,35,75
54,50,54,46,70,75
71,50,58,62,70,54
58,58,46,50,65,42
50,25,29,62,50,42
50,8,79,88,20,25
54,38,79,50,35,38
62,67,33,50,30,46
58,17,54,75,15,62
50,50,50,50,60,50
62,0,96,54,20,54
42,75,42,50,60,50
67,25,58,33,60,71
88,38,58,54,25,83
54,42,67,33,45,75
71,42,71,50,55,62
54,54,50,46,60,62
29,50,21,50,70,58
29,12,58,75,50,58
17,38,38,62,50,33
46,46,54,67,50,42
67,71,33,58,65,62
75,67,75,62,55,21
71,42,58,58,100,67
4,83,21,33,85,50
46,50,58,46,50,67
79,54,58,50,80,67
54,42,54,54,70,54
42,29,50,46,70,67
50,54,50,67,45,58
62,46,38,50,60,54
38,46,71,62,15,46
75,46,71,62,45,38
38,100,21,29,75,79
46,71,50,50,75,46
54,54,29,46,65,62
25,42,25,33,55,46
46,62,29,71,55,50
50,33,71,50,65,62
58,38,54,38,45,58
54,62,38,54,55,50
50,46,54,42,90,62
67,50,54,42,60,67
62,50,67,50,60,50
62,54,42,75,65,42
42,38,62,38,70,46
62,29,46,67,40,58
50,12,46,62,60,50
42,50,25,50,60,58
67,29,67,50,20,46
25,54,42,50,85,62
54,71,62,58,90,50
50,46,38,71,15,54
50,42,54,67,45,54
42,33,50,58,40,25
50,54,50,46,70,42
75,38,58,46,45,58
46,58,58,50,65,54
79,29,88,62,10,29
58,54,46,50,85,50
42,46,46,67,55,58
58,38,62,38,70,67
54,58,67,29,65,42
46,46,67,50,50,58
46,33,71,50,65,62
58,58,21,50,45,29
79,42,79,42,55,58
21,67,62,29,75,38
75,46,71,58,45,67
42,46,58,58,65,88
50,83,54,62,55,50
42,33,58,67,50,42
46,46,46,58,55,54
67,46,67,42,60,67
96,25,88,96,30,25
50,62,38,62,55,50
46,38,54,62,45,58
38,71,29,25,65,67
54,75,67,42,55,58
46,62,58,33,75,79
33,33,38,38,70,46
62,50,79,75,40,38
50,42,62,54,65,62
62,42,38,62,70,62
50,33,62,42,45,58
29,58,71,79,70,67
54,42,67,50,75,58
62,46,58,71,55,58
88,71,25,46,75,71
50,42,50,54,45,38
71,38,75,50,55,54
50,42,42,58,55,38
67,33,67,50,45,38
21,83,33,38,65,33
42,38,62,50,45,71
46,54,67,29,95,71
54,58,54,50,45,71
8,75,50,50,80,58
50,50,50,62,40,54
62,46,83,54,30,50
58,42,25,88,45,67
96,75,79,67,65,54
46,42,50,62,40,8
58,58,100,92,45,67
58,92,54,38,60,50
42,46,67,54,25,62
42,38,38,50,45,58
62,33,88,75,55,79
54,92,54,42,75,38
46,29,62,42,40,54
38,83,54,38,70,75
42,75,50,38,65,38
67,58,50,50,70,58
71,38,67,38,30,75
46,58,54,46,60,46
38,62,67,42,40,54
50,33,25,50,65,67
67,50,75,33,55,67
54,33,58,42,65,58
62,29,67,54,50,58
54,38,58,42,85,38
67,58,54,62,70,58
38,67,38,38,45,33
46,100,33,67,95,58
54,46,62,62,25,46
25,62,33,75,55,12
50,75,58,46,70,67
67,83,71,83,70,67
46,67,58,42,65,58
54,67,46,58,55,62
54,42,58,50,50,62
46,38,71,46,45,79
29,25,46,50,35,62
67,25,67,62,55,58
0,100,29,33,60,0
42,58,54,46,45,46
38,100,29,54,85,46
71,54,54,50,70,54
46,88,42,50,50,54
33,42,25,46,45,50
29,79,21,54,80,38
25,92,33,79,50,25
54,42,58,58,45,50
54,25,71,33,70,62
54,71,42,29,90,50
54,58,62,38,60,58
67,54,62,62,65,58
50,33,58,50,55,71
21,25,29,42,70,62
67,42,38,38,90,58
67,42,75,58,50,58
38,79,33,58,45,62
50,62,46,54,70,54
62,83,50,58,65,29
42,25,58,46,75,71
71,46,71,58,60,50
58,67,58,54,70,58
62,38,67,50,50,54
38,33,29,71,75,62
42,33,62,42,70,67
71,38,67,46,65,75
67,50,58,67,45,46
67,21,79,71,60,58
38,50,71,75,40,58
58,71,54,71,65,67
54,38,46,58,70,50
71,38,67,46,40,54
54,58,58,62,70,58
46,29,50,50,85,62
33,62,46,42,60,58
46,50,50,46,50,67
54,50,62,38,70,54
62,46,54,46,55,58
58,54,75,54,70,79
62,46,50,50,55,38
83,58,67,50,55,62
58,46,58,46,95,67
46,38,38,42,30,62
62,25,62,46,35,58
62,58,67,71,65,33
33,96,50,17,90,33
62,67,58,46,50,67
67,29,42,54,60,54
58,42,25,75,30,33
71,38,83,46,85,50
46,38,67,50,45,46
58,42,46,58,65,71
50,33,67,54,60,58
25,38,38,79,30,25
67,42,58,54,100,38
62,42,67,46,50,58
33,79,21,54,50,71
29,46,58,62,60,54
50,75,42,46,90,62
54,54,58,50,75,50
42,38,54,46,65,58
25,42,71,58,45,42
50,100,50,50,60,50
83,71,54,58,60,50
54,25,58,42,70,54
58,50,62,58,30,29
38,21,83,58,60,62
46,71,62,50,50,46
42,42,83,75,45,42
58,29,62,62,85,58
67,71,71,50,45,62
58,58,46,46,55,54
79,29,58,50,55,46
67,25,62,54,70,67
54,33,67,42,70,71
42,71,54,50,75,62
50,71,46,46,75,42
38,54,54,38,70,71
46,71,54,79,40,46
50,46,62,29,65,50
54,50,58,42,60,54
33,62,42,54,55,62
50,33,67,54,70,54
62,67,58,50,70,75
54,42,58,67,55,50
38,54,33,54,65,50
54,62,50,42,50,54
50,42,46,54,40,83
83,25,21,62,20,12
67,42,50,54,60,50
21,50,33,42,85,46
50,67,25,46,45,50
42,67,54,46,75,54
71,67,50,50,45,58
42,88,42,42,70,46
21,12,58,67,65,62
33,83,29,21,80,25
38,67,58,38,70,50
50,46,54,50,60,62
46,50,71,46,90,46
29,62,46,54,75,71
33,25,50,54,55,58
42,42,42,54,45,42
46,62,46,58,80,50
46,38,58,50,40,58
50,71,50,54,65,62
75,42,67,83,70,67
46,62,58,46,45,54
50,50,50,46,50,50
67,42,83,50,85,58
29,71,46,50,55,58
33,79,71,38,40,38
46,62,50,46,80,58
62,54,50,38,75,67
42,38,50,50,60,62
46,67,54,46,90,71
67,67,58,50,55,50
75,29,71,75,50,50
50,100,50,50,60,50
17,38,46,38,85,58
38,33,67,50,45,67
46,62,58,42,90,46
46,38,38,38,80,75
42,88,58,62,90,54
71,58,75,42,55,67
46,50,38,58,40,42
46,33,58,79,15,46
46,75,54,54,65,33
75,38,54,54,50,67
54,29,75,42,50,58
46,54,50,62,50,42
8,38,29,25,20,50
75,42,67,50,70,67
42,33,75,42,40,58
54,46,67,38,70,75
71,38,67,42,50,75
96,88,46,50,70,50
38,75,83,71,40,38
62,42,79,71,60,54
75,50,67,54,35,50
54,38,71,67,50,46
67,38,62,71,30,58
38,54,46,38,95,79
58,75,46,54,75,42
71,21,54,58,25,58
29,42,62,62,65,67
25,46,38,42,35,62
42,67,54,50,85,54
33,58,42,54,65,75
54,38,75,42,45,58
67,29,62,62,35,46
46,33,58,50,55,42
88,79,79,46,80,62
38,33,46,58,60,42
58,33,54,67,60,67
29,54,79,29,75,42
42,62,58,50,60,62
46,71,67,46,75,67
71,58,62,62,75,62
25,42,58,50,70,62
50,67,50,67,45,50
38,38,54,83,5,38
50,62,58,67,35,50
25,50,62,58,70,46
54,46,67,46,75,58
62,33,67,50,50,54
17,46,29,50,65,50
62,42,71,46,55,50
42,25,42,54,80,42
17,71,46,29,55,83
21,58,42,33,85,54
79,71,62,62,75,71
83,58,71,46,75,62
46,75,46,50,60,58
71,21,67,67,20,29
42,46,75,50,40,50
21,58,46,50,85,46
33,67,25,79,25,62
62,38,38,58,50,58
46,79,62,33,90,62
33,54,54,46,65,67
50,54,58,67,45,46
29,67,42,46,55,58
46,25,58,33,70,58
50,67,62,50,75,33
67,46,42,46,80,50
38,46,42,46,55,71
46,54,58,67,55,58
71,88,71,46,100,58
71,42,50,71,50,42
50,58,54,54,90,38
4,67,50,33,45,46
46,71,50,62,65,42
42,67,54,33,70,58
33,12,62,33,40,46
58,62,54,42,75,50
42,38,71,58,35,79
33,38,62,50,45,42
17,46,46,58,55,46
67,50,50,46,75,79
21,54,71,42,45,62
54,67,62,29,85,42
46,29,42,42,70,79
42,33,67,50,50,50
71,38,71,58,45,29
46,54,67,54,40,46
71,54,58,58,55,38
50,46,50,42,55,58
29,38,79,62,65,62
33,58,12,38,100,50
71,58,54,38,75,58
38,8,46,100,30,38
42,54,67,42,50,46
21,100,38,33,100,79
21,54,67,58,50,42
38,42,58,33,80,42
42,54,62,58,55,58
42,58,50,54,40,75
58,50,71,71,45,71
29,38,58,42,45,71
50,75,58,42,60,62
46,67,54,50,50,79
42,25,71,83,55,54
62,75,50,54,95,21
46,42,46,46,20,38
58,38,83,58,80,67
38,92,54,0,35,25
33,54,71,46,75,42
50,62,50,79,50,62
38,38,42,42,55,67
100,33,88,29,80,67
42,67,46,46,70,54
29,29,58,33,50,54
54,58,58,54,60,58
67,50,58,88,50,50
42,54,54,58,70,46
42,58,58,54,75,50
50,62,58,46,80,50
62,62,67,42,55,67
38,46,54,38,55,46
58,25,62,54,60,46
79,42,67,58,40,67
50,58,50,50,70,50
50,38,46,54,45,50
50,67,58,50,80,54
67,38,46,58,30,50
50,46,50,54,45,62
67,46,71,54,40,54
17,71,8,88,85,42
67,67,50,42,30,71
62,42,75,42,80,83
100,75,58,67,40,71
67,33,54,54,60,62
67,42,71,38,65,75
75,46,50,71,25,67
79,38,67,58,50,50
54,25,62,79,45,62
29,33,33,42,55,46
67,46,58,42,95,71
50,75,71,50,80,50
71,33,50,46,55,62
46,67,46,50,80,42
38,25,46,62,35,50
62,25,71,71,30,58
33,79,25,38,100,71
79,42,67,46,55,42
33,62,71,38,55,62
46,29,62,54,30,54
58,38,71,46,70,62
29,33,46,50,60,58
46,58,58,50,60,50
29,75,46,50,90,29
46,62,62,50,50,54
50,33,46,46,30,50
33,33,50,54,70,58
58,46,58,50,45,58
25,42,42,54,90,54
58,67,58,42,65,50
75,58,58,83,80,46
67,50,54,33,70,71
58,54,46,71,35,62
62,50,62,54,45,54
38,25,42,79,35,29
42,83,58,42,95,79
42,33,58,42,65,38
75,33,50,71,60,58
46,42,46,54,60,62
71,33,67,46,45,67
50,46,67,54,65,58
58,46,71,62,45,42
38,46,50,62,55,42
50,62,42,50,55,54
58,29,67,50,60,62
83,46,62,58,40,50
46,62,46,38,85,67
58,25,67,46,90,62
46,58,62,46,100,58
62,46,67,42,75,79
67,33,62,62,90,58
4,96,25,12,35,29
75,54,71,67,60,58
75,33,67,62,45,54
83,71,50,88,35,38
38,33,54,67,70,50
38,71,38,33,50,50
54,42,46,58,60,50
58,50,62,58,60,42
38,38,42,62,40,50
29,58,38,33,75,71
38,83,54,54,85,17
75,0,54,50,70,75
38,71,46,50,90,54
71,46,67,38,75,58
38,46,58,46,95,46
58,25,67,50,65,58
50,50,62,46,80,67
50,42,75,54,50,62
46,42,46,50,30,58
62,21,38,100,20,25
21,88,75,17,40,58
71,58,62,75,55,71
75,46,62,71,50,67
62,75,46,58,60,54
62,46,54,54,85,38
29,42,17,42,30,42
50,58,50,46,80,50
50,25,62,46,20,58
42,38,79,50,55,67
79,25,67,100,0,17
29,42,50,71,70,29
58,67,50,54,55,54
50,0,67,38,20,29
46,50,58,33,75,67
42,58,54,75,90,58
50,50,62,50,55,50
50,42,42,67,35,58
42,46,38,46,65,54
54,29,62,50,70,50
46,33,25,54,80,38
67,33,46,54,45,50
50,38,67,46,55,50
50,46,62,54,85,75
46,67,50,50,65,54
54,50,46,46,50,21
54,38,62,54,70,67
62,38,42,46,80,62
46,29,50,46,30,33
62,25,46,50,45,58
0,100,33,42,100,50
33,50,42,62,45,50
21,33,71,67,60,71
42,62,42,38,75,54
62,71,50,62,75,67
38,38,71,42,75,67
42,38,67,58,35,54
42,38,38,50,40,67
33,25,50,50,55,58
33,58,38,54,70,38
58,42,58,62,45,54
58,58,75,50,60,62
50,46,75,67,35,62
62,29,71,46,50,62
50,33,71,54,50,58
67,46,54,46,55,54
62,25,67,62,25,50
62,54,58,62,60,46
58,54,79,38,80,62
42,79,58,42,70,46
75,38,33,42,35,42
54,50,58,42,60,46
58,58,71,75,55,54
54,62,62,54,95,42
46,21,62,42,45,50
71,58,83,58,40,62
54,54,62,50,50,38
62,54,46,75,50,54
42,33,54,46,35,50
25,75,42,38,55,42
67,33,67,46,40,46
25,79,50,46,100,58
50,79,38,42,100,29
58,38,54,71,55,54
46,33,62,42,80,50
62,33,50,58,25,67
21,83,25,62,50,33
21,42,79,75,65,50
54,46,50,67,65,58
46,33,67,38,55,75
46,38,33,38,35,42
50,67,50,50,70,54
42,50,62,50,70,50
46,46,38,50,50,67
54,46,58,33,55,71
62,71,67,54,50,50
46,50,50,50,60,54
17,46,46,58,55,50
62,67,67,50,90,50
12,67,58,46,85,62
33,58,38,46,70,50
62,50,42,58,45,58
38,71,46,54,100,62
62,58,62,71,75,50
54,33,67,42,70,67
71,42,58,42,50,58
62,46,62,46,55,50
92,50,54,38,80,42
54,33,75,62,60,58
54,58,67,62,50,54
46,46,54,71,45,46
50,33,71,38,60,58
33,71,62,33,35,25
67,62,54,58,55,54
46,46,38,54,60,33
46,58,42,46,60,50
58,54,54,54,70,58
50,79,21,46,65,46
58,33,75,54,40,42
46,38,54,33,80,67
58,42,58,54,80,50
62,75,58,21,55,21
62,50,50,50,55,62
67,25,58,33,75,50
50,54,42,50,60,58
42,71,46,42,85,62
58,54,54,79,60,54
42,42,50,58,45,62
46,46,54,62,65,67
50,42,38,42,55,62
62,46,50,54,75,62
79,50,67,54,55,33
33,25,17,54,35,50
17,83,46,29,100,46
62,54,67,67,95,58
42,75,54,54,70,42
50,50,42,67,40,38
46,67,62,54,70,58
58,58,46,50,80,62
12,71,38,29,75,58
71,62,46,46,60,58
29,83,50,62,45,38
50,38,33,50,40,62
58,42,42,46,70,54
62,29,75,67,45,62
67,58,67,58,80,67
50,50,46,38,60,46
62,54,54,42,70,71
50,62,58,50,60,71
58,38,67,54,70,71
75,42,58,71,40,54
33,75,29,54,65,62
29,0,46,42,0,33
67,50,54,46,65,46
83,25,67,75,25,71
54,42,46,62,50,38
58,58,62,58,75,71
50,38,58,79,70,71
58,17,50,50,5,38
54,29,54,38,95,67
58,50,62,46,65,54
58,50,62,46,85,79
46,50,75,50,45,58
75,33,50,62,55,71
25,42,50,33,70,54
50,62,79,33,65,62
67,25,71,54,50,54
46,33,58,42,40,58
46,83,50,62,45,29
58,67,62,58,50,50
58,50,67,38,35,67
46,38,54,50,75,71
54,25,50,58,75,71
67,38,46,62,55,38
38,58,62,33,65,67
50,79,62,46,65,54
50,50,75,71,25,46
50,100,50,50,60,50
58,17,71,46,30,75
42,29,50,54,65,67
50,58,62,50,75,58
88,25,50,54,60,42
71,58,54,67,75,67
25,100,29,46,80,50
83,33,75,50,65,38
83,38,79,58,65,58
33,58,58,46,75,71
62,50,29,50,60,62
71,67,58,46,85,54
58,50,50,71,65,50
33,38,58,54,60,54
62,25,75,42,60,54
50,38,67,46,40,38
54,25,67,58,35,46
42,54,42,67,55,62
58,67,50,46,60,38
17,58,33,42,95,25
71,38,54,58,70,50
12,71,8,83,70,38
50,62,62,62,65,58
38,42,54,50,70,50
4,29,50,50,65,17
62,46,67,42,45,62
50,42,38,50,55,54
25,50,58,38,25,54
50,50,62,50,75,38
46,88,46,50,95,25
54,46,67,46,40,54
58,58,62,83,60,29
50,71,50,46,70,67
54,46,46,71,10,67
50,62,62,46,65,62
42,62,50,50,70,54
67,25,67,33,75,75
54,62,62,50,50,50
62,54,50,42,40,62
46,25,54,54,45,50
46,25,50,58,75,83
50,29,50,50,75,58
67,29,75,75,35,46
54,62,58,46,55,58
46,42,62,50,60,62
50,21,38,67,40,62
62,58,58,33,60,50
50,33,67,50,65,71
79,38,62,58,60,67
42,62,54,42,60,58
50,58,58,46,55,50
62,42,50,46,55,58
50,42,54,50,60,54
42,54,54,42,90,62
46,42,75,92,30,46
62,25,50,54,40,54
33,46,38,42,65,67
46,29,67,67,25,42
38,88,50,38,50,25
62,33,54,50,60,54
54,54,67,46,40,42
54,62,50,67,70,46
62,38,75,54,55,62
67,46,71,38,15,54
58,42,58,42,55,50
33,42,54,58,75,58
33,38,58,75,40,62
42,42,42,75,50,54
54,25,71,42,85,75
46,25,67,62,40,58
88,54,33,75,60,54
38,67,42,46,65,29
67,46,50,50,50,50
92,17,71,83,10,54
38,54,50,33,100,54
50,33,50,54,50,50
62,67,50,75,50,62
38,71,50,88,5,54
54,29,62,50,80,46
50,58,58,46,70,67
62,33,71,58,50,62
38,33,54,42,50,71
50,54,54,42,50,46
29,100,21,46,75,25
75,50,50,50,55,58
46,38,62,42,65,58
67,50,46,67,25,42
46,42,50,46,70,50
67,38,46,50,45,62
50,50,46,42,75,62
46,50,50,46,80,54
50,62,71,46,70,67
54,29,67,42,35,58
71,62,50,58,50,54
46,54,42,42,50,46
46,58,33,50,60,50
29,46,38,71,35,54
50,67,67,50,70,67
42,67,42,54,55,42
46,67,33,38,80,71
58,54,54,42,55,50
67,58,42,54,50,58
54,67,46,46,55,62
46,58,54,46,80,50
58,25,58,38,30,62
29,54,33,54,50,50
75,50,58,54,55,54
42,62,58,42,65,50
54,54,67,42,90,58
42,50,58,58,35,50
58,38,58,58,50,38
92,54,75,79,55,75
71,25,62,42,45,42
42,38,67,42,75,79
58,25,62,62,40,42
54,62,67,54,60,58
58,50,58,50,50,46
67,79,38,54,50,42
62,29,67,67,30,42
58,50,58,46,80,46
88,33,67,38,50,54
33,54,58,67,90,38
62,29,42,92,20,54
29,38,33,92,45,67
46,67,46,38,75,67
54,25,62,58,50,58
38,42,58,46,55,54
42,67,46,46,55,58
79,46,54,67,50,58
67,25,46,71,35,42
29,46,54,58,45,50
54,50,54,12,55,54
38,58,46,46,80,62
58,33,58,71,35,42
54,38,75,33,55,54
42,46,62,42,85,62
50,71,62,50,60,38
67,38,46,33,70,54
88,54,62,50,55,62
42,46,54,46,85,62
33,50,62,50,60,54
29,38,54,58,60,62
83,54,33,67,55,50
54,42,46,33,75,58
62,62,62,42,45,54
29,54,67,42,50,58
21,42,42,58,70,54
29,25,75,67,60,46
62,38,67,42,45,54
46,75,38,67,60,67
58,50,50,67,35,46
29,21,58,46,50,50
0,62,33,58,80,79
58,38,42,46,70,62
50,38,54,46,40,50
42,38,58,42,65,46
50,58,62,54,60,58
25,25,54,33,45,54
46,62,46,38,45,38
38,33,42,50,40,50
38,50,50,42,65,54
92,33,54,54,60,58
58,50,62,58,75,75
46,46,50,75,70,58
88,62,54,88,80,50
54,33,75,50,35,58
42,42,42,50,55,50
46,42,71,67,30,58
29,71,42,50,85,67
21,25,50,38,25,67
50,33,54,67,45,67
75,50,67,71,60,79
46,58,62,38,50,62
58,33,54,42,30,54
62,42,62,54,50,62
54,46,50,38,55,58
50,33,67,42,60,71
67,71,17,50,50,67
62,33,33,58,35,33
71,62,58,62,60,58
46,67,38,42,70,50
71,67,38,71,65,62
46,33,42,62,45,46
50,58,42,54,55,50
42,25,75,62,60,79
54,50,54,67,45,54
46,25,46,46,40,62
54,50,50,67,55,54
58,25,67,58,30,58
46,25,54,42,60,62
50,25,71,62,40,50
58,67,67,58,40,58
67,25,62,75,65,71
71,33,29,88,50,75
42,50,54,54,70,58
62,54,62,33,45,62
46,50,50,50,60,42
25,71,50,46,60,50
50,67,46,54,50,50
54,42,67,62,40,54
46,79,71,62,70,58
38,42,67,58,60,67
79,33,58,54,30,46
50,25,58,42,40,54
62,50,54,42,80,54
33,96,54,38,70,62
46,50,50,62,65,54
42,50,54,50,65,42
62,38,46,38,60,75
58,42,46,71,50,58
62,50,58,71,50,58
42,75,54,50,60,33
58,46,50,50,60,42
38,96,33,62,95,42
75,42,75,33,65,67
67,50,54,42,25,58
62,25,42,79,15,29
71,17,62,46,60,71
46,54,75,50,85,58
42,88,46,50,80,38
54,33,75,42,55,67
42,42,54,50,85,58
50,33,54,67,65,50
62,67,62,62,70,46
42,33,58,50,40,71
92,42,58,62,55,58
33,46,54,50,70,33
67,33,62,62,55,67
58,33,58,46,60,67
38,25,46,50,25,58
46,58,54,46,50,50
67,25,50,58,45,50
54,42,46,67,35,58
58,54,67,54,45,62
54,42,62,67,40,50
46,54,58,54,50,50
62,38,46,75,10,62
62,29,62,50,35,42
46,25,75,50,95,50
79,38,75,46,40,67
67,42,38,58,70,54
42,54,46,42,50,67
71,29,67,38,35,58
58,38,54,50,55,58
58,54,62,46,80,54
38,42,54,54,50,62
54,29,67,50,65,58
50,29,58,46,30,50
42,62,46,29,45,62
33,54,46,75,40,62
33,42,71,54,45,50
33,54,46,33,90,58
58,50,75,50,70,42
21,58,21,58,70,62
67,46,46,79,20,54
54,58,58,33,75,54
46,42,54,75,60,54
62,58,54,54,50,75
46,42,71,67,40,58
62,54,75,46,95,54
42,54,42,54,65,50
38,58,58,54,65,54
38,58,62,54,55,62
38,100,38,54,80,54
67,50,62,54,30,58
38,79,54,50,90,67
71,50,67,67,15,50
67,46,62,50,65,62
54,42,54,67,70,58
75,46,62,50,65,58
50,62,50,50,55,62
67,33,75,54,55,67
71,38,71,92,55,58
71,50,42,58,55,50
62,46,38,33,70,54
25,75,58,38,45,25
33,67,46,38,100,54
38,42,71,54,90,50
62,50,67,50,75,67
33,42,71,50,65,67
62,38,67,71,15,50
58,71,42,50,65,38
67,50,62,42,50,54
62,54,62,58,45,50
50,33,75,62,25,54
62,42,54,75,40,46
54,50,54,54,40,54
50,71,50,38,40,58
38,71,42,46,85,38
29,58,71,54,80,71
46,33,46,42,85,25
58,42,54,46,45,62
42,21,71,58,40,54
54,38,62,62,50,33
33,62,38,42,95,67
50,50,50,67,50,50
67,33,50,58,40,54
46,38,58,50,45,54
67,25,71,38,0,46
21,33,67,42,70,71
33,58,71,42,85,67
50,50,46,54,60,54
58,50,62,46,35,58
50,50,71,38,85,71
50,21,50,67,25,58
67,54,58,33,25,50
71,46,79,54,90,71
58,21,75,58,45,75
67,29,62,38,20,42
46,79,58,38,85,58
33,50,58,46,55,58
62,42,38,58,40,38
54,29,62,46,55,58
25,29,67,50,60,71
38,54,38,62,85,38
71,33,67,38,75,54
29,62,58,42,45,46
67,54,79,58,70,33
42,50,62,71,45,58
67,25,71,50,85,54
67,25,33,83,20,62
67,46,54,42,70,42
33,54,38,50,45,17
71,54,75,46,30,67
42,75,62,50,70,58
54,46,46,33,95,67
54,33,58,54,45,75
50,42,54,54,50,62
50,71,58,42,80,33
88,21,67,75,45,50
42,54,42,58,95,79
54,46,54,62,40,62
58,54,67,50,40,62
71,62,50,67,25,29
33,50,46,58,75,54
62,25,58,54,35,50
75,58,50,71,45,58
50,62,50,50,60,38
54,58,46,38,85,50
75,38,67,83,50,71
29,71,42,38,65,67
58,29,62,71,45,62
71,38,54,75,15,67
67,58,62,50,90,75
67,38,54,79,55,54
50,46,46,46,45,54
50,54,50,54,55,46
58,46,50,67,70,46
42,79,42,33,75,58
54,38,50,42,70,58
25,38,42,46,35,42
50,50,50,50,70,54
46,25,62,71,50,42
62,33,46,38,45,58
96,46,67,50,50,67
79,50,71,54,30,46
54,29,58,38,45,42
46,58,42,46,70,58
46,21,75,46,45,54
50,25,54,58,25,50
46,50,54,42,35,67
25,25,71,50,70,62
62,54,71,50,50,54
54,46,54,46,65,58
62,42,50,38,45,58
58,50,58,50,55,58
42,54,54,71,55,58
71,17,42,58,35,58
50,38,58,46,75,58
54,21,50,67,35,50
50,62,38,42,65,42
38,75,96,67,75,29
54,46,67,50,45,42
17,46,42,38,55,33
67,79,50,38,60,46
67,38,46,21,65,79
62,25,75,75,25,42
42,38,58,42,85,67
42,62,54,38,70,33
62,50,67,67,35,62
50,58,50,58,25,33
42,46,38,46,65,50
67,54,50,50,65,58
58,75,46,58,55,54
75,42,50,71,50,8
71,25,50,50,65,62
62,25,88,33,35,79
71,46,71,46,40,54
33,50,67,67,45,58
58,54,71,46,75,50
54,58,50,42,70,42
62,29,54,38,50,58
46,62,46,29,65,71
46,38,67,46,65,54
58,58,71,50,50,58
71,25,54,46,55,58
54,25,50,46,70,50
42,29,75,54,50,62
50,29,75,79,45,67
17,67,38,29,70,21
58,71,54,58,70,42
75,21,71,96,50,62
42,46,38,50,90,67
54,29,54,62,90,46
38,46,58,38,60,83
33,50,58,42,50,50
54,62,25,79,40,50
88,38,71,50,60,75
50,50,38,54,70,54
58,8,67,50,20,71
62,25,67,54,30,54
50,58,50,38,50,50
54,50,46,62,45,50
67,58,42,88,40,50
46,33,54,42,75,62
62,54,62,54,40,62
0,100,0,58,65,50
67,54,33,54,40,50
75,75,62,62,55,42
33,42,46,71,70,67
75,50,67,29,30,33
42,50,62,71,15,50
67,46,67,62,45,62
54,50,54,58,75,58
33,67,58,33,85,62
62,42,62,54,30,33
62,50,46,67,40,50
75,42,54,71,50,54
25,42,71,42,95,58
38,46,25,38,70,62
29,62,50,46,90,58
71,17,54,46,35,54
54,42,62,71,35,58
54,38,38,92,40,58
75,42,67,62,25,50
50,50,38,42,40,42
33,79,54,38,55,71
71,46,79,58,45,58
67,33,75,42,35,50
38,46,42,46,55,58
50,29,67,54,35,75
58,25,75,46,45,54
54,38,54,58,65,62
58,12,54,42,40,42
54,50,50,62,65,58
62,33,50,62,45,54
42,50,50,54,45,38
42,50,54,42,60,42
38,50,62,38,75,54
50,79,54,50,50,46
88,42,79,67,10,54
42,58,62,67,50,21
67,54,38,62,75,58
50,33,58,62,45,50
54,54,54,42,50,58
25,33,50,42,50,50
50,62,54,67,85,58
46,50,58,46,50,50
83,62,79,42,60,33
33,58,46,50,70,54
67,25,62,58,65,67
54,46,54,58,50,50
58,46,33,50,70,42
33,46,62,46,50,29
75,25,83,38,60,71
83,62,83,62,75,58
67,38,58,46,55,50
58,38,83,62,40,58
83,46,71,54,50,67
58,12,75,42,15,67
83,33,67,79,20,58
71,46,75,42,75,79
62,50,50,71,85,50
67,25,46,54,60,58
58,88,62,50,85,67
